state_code,county_code,site_number,parameter_code,poc,parameter_name,open_date,close_date,concurred_exclusions,dominant_source,measurement_scale,measurement_scale_def,monitoring_objective,last_method_code,last_method_description,last_method_begin_date,naaqs_primary_monitor,qa_primary_monitor,monitor_type,networks,monitoring_agency_code,monitoring_agency,si_id,latitude,longitude,datum,lat_lon_accuracy,elevation,probe_height,pl_probe_location,local_site_name,address,state_name,county_name,city_name,cbsa_code,cbsa_name,csa_code,csa_name,tribal_code,tribe_name
01,109,0003,14129,1,Lead (TSP) LC,2009-01-01,,,POINT,NEIGHBORHOOD,500 M TO 4KM,HIGHEST CONCENTRATION,813,HI-VOL - ICP-MS  FRM; Heated ultrasonic 1.03M HNO3/2.23M HCl or Hot block 1:19 v/v HNO3,2019-06-27,Y,Y,SLAMS,,0013,Al Dept Of Env Mgt,314,31.790479,-85.978974,NAD83,0.0,161.0,3.0,GROUND LEVEL SUPPORT,TROY LEAD,HENDERSON ROAD,Alabama,Pike,Troy,45980,"Troy, AL",,,,
01,109,0003,14129,2,Lead (TSP) LC,2009-01-01,,,POINT,NEIGHBORHOOD,500 M TO 4KM,HIGHEST CONCENTRATION,813,HI-VOL - ICP-MS  FRM; Heated ultrasonic 1.03M HNO3/2.23M HCl or Hot block 1:19 v/v HNO3,2019-06-27,,,SLAMS,,0013,Al Dept Of Env Mgt,314,31.790479,-85.978974,NAD83,0.0,161.0,3.0,GROUND LEVEL SUPPORT,TROY LEAD,HENDERSON ROAD,Alabama,Pike,Troy,45980,"Troy, AL",,,,
04,007,1002,14129,2,Lead (TSP) LC,2011-01-01,2019-09-30,,POINT,NEIGHBORHOOD,500 M TO 4KM,HIGHEST CONCENTRATION; SOURCE ORIENTED,191,Hi-Vol - Inductively Coupled Plasma-Mass Spectrometry Acid filter extraction with nitric and hydrochloric acid,2011-01-01,,,,,0053,Arizona Department Of Environmental Quality,96216,33.002517,-110.765467,WGS84,5.0,602.0,2.0,GROUND LEVEL SUPPORT,Globe Highway,SR 77,Arizona,Gila,Not in a City,37740,"Payson, AZ",,,,
04,007,1003,14129,2,Lead (TSP) LC,2019-09-24,,,POINT,MICROSCALE,0 M TO 100 M,HIGHEST CONCENTRATION; SOURCE ORIENTED,191,Hi-Vol - Inductively Coupled Plasma-Mass Spectrometry Acid filter extraction with nitric and hydrochloric acid,2019-09-24,,,SLAMS,,0053,Arizona Department Of Environmental Quality,100816,33.0035,-110.7822,WGS84,3.0,635.0,3.0,GROUND LEVEL SUPPORT,Hillcrest AMS,123 Hillcrest Ave,Arizona,Gila,Hayden,37740,"Payson, AZ",,,,
04,013,4018,14129,2,Lead (TSP) LC,2012-01-01,2019-12-31,,MOBILE,MIDDLE SCALE,100 M TO 500 M,SOURCE ORIENTED,191,Hi-Vol - Inductively Coupled Plasma-Mass Spectrometry Acid filter extraction with nitric and hydrochloric acid,2015-01-01,,,,,0643,Maricopa County Air Quality ,95929,33.68449,-112.08633,NAD83,1.0,450.5,4.1,GROUND LEVEL SUPPORT,Deer Valley,1030 W. Deer Valley Rd,Arizona,Maricopa,Phoenix,38060,"Phoenix-Mesa-Scottsdale, AZ",,,,
04,007,1003,14129,1,Lead (TSP) LC,2016-01-01,,,POINT,MICROSCALE,0 M TO 100 M,HIGHEST CONCENTRATION; SOURCE ORIENTED,191,Hi-Vol - Inductively Coupled Plasma-Mass Spectrometry Acid filter extraction with nitric and hydrochloric acid,2016-01-01,Y,Y,SLAMS,,0053,Arizona Department Of Environmental Quality,100816,33.0035,-110.7822,WGS84,3.0,635.0,3.0,GROUND LEVEL SUPPORT,Hillcrest AMS,123 Hillcrest Ave,Arizona,Gila,Hayden,37740,"Payson, AZ",,,,
04,007,8000,14129,1,Lead (TSP) LC,2011-01-01,,,POINT,NEIGHBORHOOD,500 M TO 4KM,POPULATION EXPOSURE; SOURCE ORIENTED,191,Hi-Vol - Inductively Coupled Plasma-Mass Spectrometry Acid filter extraction with nitric and hydrochloric acid,2011-01-01,Y,,SLAMS,,0053,Arizona Department Of Environmental Quality,93295,33.419017,-110.82967,WGS84,1.0,1012.0,3.0,GROUND LEVEL SUPPORT,MIAMI GOLF COURSE,SR 188 & US 60,Arizona,Gila,Globe,37740,"Payson, AZ",,,,
04,013,4018,14129,1,Lead (TSP) LC,2012-01-01,2019-12-31,,MOBILE,MIDDLE SCALE,100 M TO 500 M,SOURCE ORIENTED,191,Hi-Vol - Inductively Coupled Plasma-Mass Spectrometry Acid filter extraction with nitric and hydrochloric acid,2015-01-01,,,,,0643,Maricopa County Air Quality ,95929,33.68449,-112.08633,NAD83,1.0,450.5,4.1,GROUND LEVEL SUPPORT,Deer Valley,1030 W. Deer Valley Rd,Arizona,Maricopa,Phoenix,38060,"Phoenix-Mesa-Scottsdale, AZ",,,,
04,007,1002,14129,1,Lead (TSP) LC,2011-01-01,,,POINT,NEIGHBORHOOD,500 M TO 4KM,HIGHEST CONCENTRATION; SOURCE ORIENTED,191,Hi-Vol - Inductively Coupled Plasma-Mass Spectrometry Acid filter extraction with nitric and hydrochloric acid,2011-01-01,Y,Y,SLAMS,,0053,Arizona Department Of Environmental Quality,96216,33.002517,-110.765467,WGS84,5.0,602.0,2.0,GROUND LEVEL SUPPORT,Globe Highway,SR 77,Arizona,Gila,Not in a City,37740,"Payson, AZ",,,,
06,037,1103,14129,3,Lead (TSP) LC,2009-01-01,,,,NEIGHBORHOOD,500 M TO 4KM,POPULATION EXPOSURE,110,Hi-Vol - ICAP SPECTRA (ICP-MS); 0.45M HNO3 Boil30 min,2009-01-01,,,SLAMS,,0972,South Coast Air Quality Management District,1081,34.06659,-118.22688,WGS84,0.0,87.0,13.0,,Los Angeles-North Main Street,"1630 N MAIN ST, LOS ANGELES",California,Los Angeles,Los Angeles,31080,"Los Angeles-Long Beach-Anaheim, CA",348,"Los Angeles-Long Beach, CA",,
06,037,1405,14129,1,Lead (TSP) LC,2009-01-01,,,,MICROSCALE,0 M TO 100 M,SOURCE ORIENTED,110,Hi-Vol - ICAP SPECTRA (ICP-MS); 0.45M HNO3 Boil30 min,2009-01-01,,,SLAMS,,0972,South Coast Air Quality Management District,95494,34.006389,-118.193056,WGS84,1.0,53.0,,,Rehrig (Exide),"4010 E. 26th Street, Vernon, CA 90058",California,Los Angeles,Vernon,31080,"Los Angeles-Long Beach-Anaheim, CA",348,"Los Angeles-Long Beach, CA",,
06,037,1405,14129,2,Lead (TSP) LC,2009-01-01,,,,MICROSCALE,0 M TO 100 M,SOURCE ORIENTED,110,Hi-Vol - ICAP SPECTRA (ICP-MS); 0.45M HNO3 Boil30 min,2009-01-01,Y,Y,SLAMS,,0972,South Coast Air Quality Management District,95494,34.006389,-118.193056,WGS84,1.0,53.0,,,Rehrig (Exide),"4010 E. 26th Street, Vernon, CA 90058",California,Los Angeles,Vernon,31080,"Los Angeles-Long Beach-Anaheim, CA",348,"Los Angeles-Long Beach, CA",,
06,073,1023,14129,1,Lead (TSP) LC,2014-11-01,,,POINT,MICROSCALE,0 M TO 100 M,SOURCE ORIENTED,192,Hi-Vol - Inductively Coupled Plasma-Mass Spectrometry Acid filter extract with hot nitric acid,2014-11-01,Y,Y,SLAMS,,0942,San Diego County Air Pollution Control District,101612,33.130897,-117.272389,NAD83,5.0,96.0,,,Palomar Airport,2192 Palomar Airport Rd.,California,San Diego,Carlsbad,41740,"San Diego-Carlsbad, CA",,,,
06,037,1404,14129,1,Lead (TSP) LC,2009-01-01,,,,MICROSCALE,0 M TO 100 M,SOURCE ORIENTED,110,Hi-Vol - ICAP SPECTRA (ICP-MS); 0.45M HNO3 Boil30 min,2009-01-01,Y,,SLAMS,,0972,South Coast Air Quality Management District,95493,34.02637,-117.9822,NAD83,1.0,91.0,,,Closet World (Quemetco),"500 S. 7th Ave. City of Industry, CA 91746",California,Los Angeles,Industry (corporate name for City of Industry),31080,"Los Angeles-Long Beach-Anaheim, CA",348,"Los Angeles-Long Beach, CA",,
06,037,1406,14129,1,Lead (TSP) LC,2009-01-01,,,,MICROSCALE,0 M TO 100 M,SOURCE ORIENTED,110,Hi-Vol - ICAP SPECTRA (ICP-MS); 0.45M HNO3 Boil30 min,2009-01-01,,,SLAMS,,0972,South Coast Air Quality Management District,95495,34.008333,-118.190556,WGS84,1.0,53.0,,,ATSF (Exide),"Rail Road Yard Washington Blvd., Commerce, CA 90058",California,Los Angeles,Commerce,31080,"Los Angeles-Long Beach-Anaheim, CA",348,"Los Angeles-Long Beach, CA",,
06,037,1302,14129,1,Lead (TSP) LC,2009-01-01,,,,NEIGHBORHOOD,500 M TO 4KM,POPULATION EXPOSURE,110,Hi-Vol - ICAP SPECTRA (ICP-MS); 0.45M HNO3 Boil30 min,2009-01-01,Y,Y,SLAMS,,0972,South Coast Air Quality Management District,94733,33.901389,-118.205,WGS84,1.0,27.0,,,Compton,700 North Bullis Road,California,Los Angeles,Compton,31080,"Los Angeles-Long Beach-Anaheim, CA",348,"Los Angeles-Long Beach, CA",,
06,037,1602,14129,1,Lead (TSP) LC,2009-01-01,,,,NEIGHBORHOOD,500 M TO 4KM,POPULATION EXPOSURE,110,Hi-Vol - ICAP SPECTRA (ICP-MS); 0.45M HNO3 Boil30 min,2009-01-01,Y,,SLAMS,,0972,South Coast Air Quality Management District,92493,34.01029,-118.0685,NAD83,1.0,75.0,6.0,,Pico Rivera #2,"4144 SAN GABRIEL RIVER PKWY, PICO RIVERA",California,Los Angeles,Pico Rivera,31080,"Los Angeles-Long Beach-Anaheim, CA",348,"Los Angeles-Long Beach, CA",,
06,037,1406,14129,2,Lead (TSP) LC,2015-07-05,,,,MICROSCALE,0 M TO 100 M,SOURCE ORIENTED,110,Hi-Vol - ICAP SPECTRA (ICP-MS); 0.45M HNO3 Boil30 min,2015-07-05,Y,,SLAMS,,0972,South Coast Air Quality Management District,95495,34.008333,-118.190556,WGS84,1.0,53.0,,,ATSF (Exide),"Rail Road Yard Washington Blvd., Commerce, CA 90058",California,Los Angeles,Commerce,31080,"Los Angeles-Long Beach-Anaheim, CA",348,"Los Angeles-Long Beach, CA",,
06,065,8001,14129,2,Lead (TSP) LC,2009-01-01,,,,NEIGHBORHOOD,500 M TO 4KM,POPULATION EXPOSURE,110,Hi-Vol - ICAP SPECTRA (ICP-MS); 0.45M HNO3 Boil30 min,2009-01-01,Y,,SLAMS,,0972,South Coast Air Quality Management District,1262,33.99958,-117.41601,WGS84,0.0,250.0,,,Rubidoux,"5888 MISSION BLVD., RUBIDOUX",California,Riverside,Rubidoux,40140,"Riverside-San Bernardino-Ontario, CA",348,"Los Angeles-Long Beach, CA",,
06,037,1302,14129,2,Lead (TSP) LC,2015-01-18,,,,NEIGHBORHOOD,500 M TO 4KM,POPULATION EXPOSURE,110,Hi-Vol - ICAP SPECTRA (ICP-MS); 0.45M HNO3 Boil30 min,2015-01-18,,,SLAMS,,0972,South Coast Air Quality Management District,94733,33.901389,-118.205,WGS84,1.0,27.0,,,Compton,700 North Bullis Road,California,Los Angeles,Compton,31080,"Los Angeles-Long Beach-Anaheim, CA",348,"Los Angeles-Long Beach, CA",,
06,037,1103,14129,2,Lead (TSP) LC,2009-01-01,,,,NEIGHBORHOOD,500 M TO 4KM,POPULATION EXPOSURE,110,Hi-Vol - ICAP SPECTRA (ICP-MS); 0.45M HNO3 Boil30 min,2009-01-01,Y,Y,SLAMS,,0972,South Coast Air Quality Management District,1081,34.06659,-118.22688,WGS84,0.0,87.0,13.0,,Los Angeles-North Main Street,"1630 N MAIN ST, LOS ANGELES",California,Los Angeles,Los Angeles,31080,"Los Angeles-Long Beach-Anaheim, CA",348,"Los Angeles-Long Beach, CA",,
06,037,1403,14129,1,Lead (TSP) LC,2009-01-01,,,,MICROSCALE,0 M TO 100 M,SOURCE ORIENTED,110,Hi-Vol - ICAP SPECTRA (ICP-MS); 0.45M HNO3 Boil30 min,2009-01-01,Y,,SLAMS,,0972,South Coast Air Quality Management District,95492,33.954952,-118.055768,NAD83,1.0,44.0,,,Uddelholm (Trojan Battery),"9440 Ann Street, Santa Fe Springs, CA 90670",California,Los Angeles,Santa Fe Springs,31080,"Los Angeles-Long Beach-Anaheim, CA",348,"Los Angeles-Long Beach, CA",,
06,037,5005,14129,1,Lead (TSP) LC,2009-01-01,,,MOBILE,NEIGHBORHOOD,500 M TO 4KM,UPWIND BACKGROUND,110,Hi-Vol - ICAP SPECTRA (ICP-MS); 0.45M HNO3 Boil30 min,2009-01-01,Y,,SLAMS,,0972,South Coast Air Quality Management District,91948,33.95507,-118.43049,NAD83,10.0,21.0,,TOP OF BUILDING,LAX Hastings,7201 W. WESTCHESTER PARKWAY,California,Los Angeles,Los Angeles,31080,"Los Angeles-Long Beach-Anaheim, CA",348,"Los Angeles-Long Beach, CA",,
06,071,9004,14129,2,Lead (TSP) LC,2009-01-01,,,,NEIGHBORHOOD,500 M TO 4KM,POPULATION EXPOSURE,110,Hi-Vol - ICAP SPECTRA (ICP-MS); 0.45M HNO3 Boil30 min,2009-01-01,Y,,SLAMS,,0972,South Coast Air Quality Management District,1340,34.106678,-117.274063,NAD83,0.0,0.0,,,San Bernardino,"24302 4TH ST., SAN BERNARDINO, CA.",California,San Bernardino,San Bernardino,40140,"Riverside-San Bernardino-Ontario, CA",348,"Los Angeles-Long Beach, CA",,
06,085,2011,14129,3,Lead (TSP) LC,2012-02-03,2020-06-26,,MOBILE,MICROSCALE,0 M TO 100 M,SOURCE ORIENTED,191,Hi-Vol - Inductively Coupled Plasma-Mass Spectrometry Acid filter extraction with nitric and hydrochloric acid,2012-02-03,Y,,,,0086,Bay Area Air Quality Management District,96619,37.329841,-121.815438,WGS84,3.0,41.0,1.6,GROUND LEVEL SUPPORT,Reid Hillview Airport,"2500 Cummingham Avenue, San Jose",California,Santa Clara,San Jose,41940,"San Jose-Sunnyvale-Santa Clara, CA",488,"San Jose-San Francisco-Oakland, CA",,
06,073,1023,14129,2,Lead (TSP) LC,2014-11-01,,,POINT,MICROSCALE,0 M TO 100 M,SOURCE ORIENTED,192,Hi-Vol - Inductively Coupled Plasma-Mass Spectrometry Acid filter extract with hot nitric acid,2014-11-01,,,SLAMS,,0942,San Diego County Air Pollution Control District,101612,33.130897,-117.272389,NAD83,5.0,96.0,,,Palomar Airport,2192 Palomar Airport Rd.,California,San Diego,Carlsbad,41740,"San Diego-Carlsbad, CA",,,,
06,037,4004,14129,2,Lead (TSP) LC,2003-08-07,,,MOBILE,URBAN SCALE,4 KM TO 50 KM,POPULATION EXPOSURE,110,Hi-Vol - ICAP SPECTRA (ICP-MS); 0.45M HNO3 Boil30 min,2003-08-07,Y,,SLAMS,,0972,South Coast Air Quality Management District,91659,33.79236,-118.17533,WGS84,0.1,6.0,4.0,TOP OF BUILDING,Long Beach (South),"1305 E. Pacific Coast Hwy., Long Beach",California,Los Angeles,Long Beach,31080,"Los Angeles-Long Beach-Anaheim, CA",348,"Los Angeles-Long Beach, CA",,
06,037,1405,14129,3,Lead (TSP) LC,2009-01-01,,,,MICROSCALE,0 M TO 100 M,SOURCE ORIENTED,110,Hi-Vol - ICAP SPECTRA (ICP-MS); 0.45M HNO3 Boil30 min,2009-01-01,,,SLAMS,,0972,South Coast Air Quality Management District,95494,34.006389,-118.193056,WGS84,1.0,53.0,,,Rehrig (Exide),"4010 E. 26th Street, Vernon, CA 90058",California,Los Angeles,Vernon,31080,"Los Angeles-Long Beach-Anaheim, CA",348,"Los Angeles-Long Beach, CA",,
12,057,1066,14129,1,Lead (TSP) LC,2009-01-01,,,POINT,MIDDLE SCALE,100 M TO 500 M,SOURCE ORIENTED,813,HI-VOL - ICP-MS  FRM; Heated ultrasonic 1.03M HNO3/2.23M HCl or Hot block 1:19 v/v HNO3,2014-01-01,Y,Y,SLAMS,,0491,Hillsborough County Environmental Protection Commission,2800,27.960148,-82.381873,NAD83,0.0,15.0,3.0,,GULF COAST LEAD,1700 NORTH 66TH STREET,Florida,Hillsborough,Tampa,45300,"Tampa-St. Petersburg-Clearwater, FL",,,,
12,057,0100,14129,1,Lead (TSP) LC,2010-04-01,,,POINT,MIDDLE SCALE,100 M TO 500 M,SOURCE ORIENTED,813,HI-VOL - ICP-MS  FRM; Heated ultrasonic 1.03M HNO3/2.23M HCl or Hot block 1:19 v/v HNO3,2014-01-01,Y,,SPM,,0491,Hillsborough County Environmental Protection Commission,96015,27.970328,-82.38005,NAD83,1.0,16.0,3.0,GROUND LEVEL SUPPORT,KENLY,2909 N 66TH ST,Florida,Hillsborough,East Lake-Orient Park,45300,"Tampa-St. Petersburg-Clearwater, FL",,,,
12,057,1073,14129,1,Lead (TSP) LC,2009-01-01,,,POINT,MIDDLE SCALE,100 M TO 500 M,SOURCE ORIENTED,813,HI-VOL - ICP-MS  FRM; Heated ultrasonic 1.03M HNO3/2.23M HCl or Hot block 1:19 v/v HNO3,2014-01-01,Y,,SPM,,0491,Hillsborough County Environmental Protection Commission,2806,27.96483,-82.37921,NAD83,1214.49,7.0,4.0,OTHER,Patent Scaffolding,6811 EAST 14TH AVENUE,Florida,Hillsborough,Tampa,45300,"Tampa-St. Petersburg-Clearwater, FL",,,,
12,057,1066,14129,2,Lead (TSP) LC,2009-01-01,,,POINT,MIDDLE SCALE,100 M TO 500 M,SOURCE ORIENTED,813,HI-VOL - ICP-MS  FRM; Heated ultrasonic 1.03M HNO3/2.23M HCl or Hot block 1:19 v/v HNO3,2014-01-01,,,SLAMS,,0491,Hillsborough County Environmental Protection Commission,2800,27.960148,-82.381873,NAD83,0.0,15.0,3.0,,GULF COAST LEAD,1700 NORTH 66TH STREET,Florida,Hillsborough,Tampa,45300,"Tampa-St. Petersburg-Clearwater, FL",,,,
13,215,0009,14129,1,Lead (TSP) LC,2012-02-03,2020-12-31,,POINT,MICROSCALE,0 M TO 100 M,SOURCE ORIENTED,813,HI-VOL - ICP-MS  FRM; Heated ultrasonic 1.03M HNO3/2.23M HCl or Hot block 1:19 v/v HNO3,2017-01-01,,,,,0437,Georgia Air Protection Branch Ambient Monitoring Program,3354,32.4344,-84.9293,NAD83,0.0,83.0,2.3,GROUND LEVEL SUPPORT,Columbus-Allied,"4365 ALLIED DRIVE, COLUMBUS, GA 31906",Georgia,Muscogee,Columbus,17980,"Columbus, GA-AL",194,"Columbus-Auburn-Opelika, GA-AL",,
13,215,0011,14129,1,Lead (TSP) LC,2009-10-01,2020-07-26,,POINT,MIDDLE SCALE,100 M TO 500 M,POPULATION EXPOSURE,813,HI-VOL - ICP-MS  FRM; Heated ultrasonic 1.03M HNO3/2.23M HCl or Hot block 1:19 v/v HNO3,2017-01-01,,,,,0437,Georgia Air Protection Branch Ambient Monitoring Program,3356,32.4297,-84.9316,NAD83,0.0,76.0,1.8,TOP OF BUILDING,Columbus-Cusseta,"Cusseta Road Elementary School, 4150 Cusseta Road, Columbus, Georgia, 31903",Georgia,Muscogee,Columbus,17980,"Columbus, GA-AL",194,"Columbus-Auburn-Opelika, GA-AL",,
13,215,0009,14129,2,Lead (TSP) LC,2018-02-01,2020-12-31,,POINT,MICROSCALE,0 M TO 100 M,SOURCE ORIENTED,813,HI-VOL - ICP-MS  FRM; Heated ultrasonic 1.03M HNO3/2.23M HCl or Hot block 1:19 v/v HNO3,2018-02-01,,,,,0437,Georgia Air Protection Branch Ambient Monitoring Program,3354,32.4344,-84.9293,NAD83,0.0,83.0,2.3,GROUND LEVEL SUPPORT,Columbus-Allied,"4365 ALLIED DRIVE, COLUMBUS, GA 31906",Georgia,Muscogee,Columbus,17980,"Columbus, GA-AL",194,"Columbus-Auburn-Opelika, GA-AL",,
17,031,0110,14129,1,Lead (TSP) LC,2010-01-01,,,POINT,MIDDLE SCALE,100 M TO 500 M,SOURCE ORIENTED,109,HI-VOL - ICAP SPECTRA,2021-03-01,Y,Y,SLAMS,,0513,Illinois Environmental Protection Agency,95318,41.85577,-87.657928,WGS84,3.0,181.0,7.5,TOP OF BUILDING,PEREZ ELEMENTRY SCHOOL,1241 19th St.,Illinois,Cook,Chicago,16980,"Chicago-Naperville-Elgin, IL-IN-WI",176,"Chicago-Naperville, IL-IN-WI",,
17,031,0022,14129,2,Lead (TSP) LC,2010-01-01,,,POINT,NEIGHBORHOOD,500 M TO 4KM,HIGHEST CONCENTRATION,109,HI-VOL - ICAP SPECTRA,2021-03-01,Y,,SLAMS,,0513,Illinois Environmental Protection Agency,3673,41.687165,-87.539315,WGS84,5.0,178.0,9.0,TOP OF BUILDING,WASHINGTON HS,3535 E. 114TH ST.,Illinois,Cook,Chicago,16980,"Chicago-Naperville-Elgin, IL-IN-WI",176,"Chicago-Naperville, IL-IN-WI",,
17,119,0010,14129,9,Lead (TSP) LC,2013-01-01,,,AREA,MIDDLE SCALE,100 M TO 500 M,HIGHEST CONCENTRATION; SOURCE ORIENTED,109,HI-VOL - ICAP SPECTRA,2021-03-01,,,SLAMS,,0513,Illinois Environmental Protection Agency,3919,38.694438,-90.153954,WGS84,10.0,137.0,7.0,TOP OF BUILDING,AIR PRODUCTS,15TH & MADISON,Illinois,Madison,Granite City,41180,"St. Louis, MO-IL",476,"St. Louis-St. Charles-Farmington, MO-IL",,
17,119,0010,14129,1,Lead (TSP) LC,2010-01-01,,,AREA,MIDDLE SCALE,100 M TO 500 M,HIGHEST CONCENTRATION; SOURCE ORIENTED,109,HI-VOL - ICAP SPECTRA,2021-03-01,Y,Y,SLAMS,,0513,Illinois Environmental Protection Agency,3919,38.694438,-90.153954,WGS84,10.0,137.0,7.0,TOP OF BUILDING,AIR PRODUCTS,15TH & MADISON,Illinois,Madison,Granite City,41180,"St. Louis, MO-IL",476,"St. Louis-St. Charles-Farmington, MO-IL",,
17,031,0110,14129,9,Lead (TSP) LC,2013-04-01,,,POINT,MIDDLE SCALE,100 M TO 500 M,SOURCE ORIENTED,109,HI-VOL - ICAP SPECTRA,2021-03-01,,,SLAMS,,0513,Illinois Environmental Protection Agency,95318,41.85577,-87.657928,WGS84,3.0,181.0,7.5,TOP OF BUILDING,PEREZ ELEMENTRY SCHOOL,1241 19th St.,Illinois,Cook,Chicago,16980,"Chicago-Naperville-Elgin, IL-IN-WI",176,"Chicago-Naperville, IL-IN-WI",,
18,089,0032,14129,1,Lead (TSP) LC,2010-01-08,,,,MIDDLE SCALE,100 M TO 500 M,POPULATION EXPOSURE; SOURCE ORIENTED,107,Hi-Vol - Flameless Atomic absorption (GFAA); 3M HNO3 Boil 30 min,2010-01-08,Y,,SLAMS,,0520,Indiana Depart Of Environ Management/Office Of Air Quality,95551,41.603582,-87.332658,WGS84,4.0,159.0,6.0,GROUND LEVEL SUPPORT,Gary- 4th Ave./ Railcats,1 Stadium Plaza- Gary- 4th Ave.- Railcats,Indiana,Lake,Gary,16980,"Chicago-Naperville-Elgin, IL-IN-WI",176,"Chicago-Naperville, IL-IN-WI",,
18,035,0009,14129,4,Lead (TSP) LC,2013-05-19,,,POINT,MIDDLE SCALE,100 M TO 500 M,HIGHEST CONCENTRATION; SOURCE ORIENTED,107,Hi-Vol - Flameless Atomic absorption (GFAA); 3M HNO3 Boil 30 min,2013-05-19,,,SLAMS,,0520,Indiana Depart Of Environ Management/Office Of Air Quality,4251,40.158417,-85.415021,WGS84,10.0,270.434,2.1,GROUND LEVEL SUPPORT,Muncie- Mt. Pleasant Blvd.  LOCATED NE OF PLANT - DOWNWIND SITE,Muncie- Mt. Pleasant Blvd.  2601 W. MT. PLEASANT BLVD. - EAST SITE,Indiana,Delaware,Muncie,34620,"Muncie, IN",294,"Indianapolis-Carmel-Muncie, IN",,
18,035,0009,14129,3,Lead (TSP) LC,2010-01-14,,,POINT,MIDDLE SCALE,100 M TO 500 M,HIGHEST CONCENTRATION; SOURCE ORIENTED,107,Hi-Vol - Flameless Atomic absorption (GFAA); 3M HNO3 Boil 30 min,2010-01-14,Y,Y,SLAMS,,0520,Indiana Depart Of Environ Management/Office Of Air Quality,4251,40.158417,-85.415021,WGS84,10.0,270.434,2.1,GROUND LEVEL SUPPORT,Muncie- Mt. Pleasant Blvd.  LOCATED NE OF PLANT - DOWNWIND SITE,Muncie- Mt. Pleasant Blvd.  2601 W. MT. PLEASANT BLVD. - EAST SITE,Indiana,Delaware,Muncie,34620,"Muncie, IN",294,"Indianapolis-Carmel-Muncie, IN",,
18,089,0034,14129,1,Lead (TSP) LC,2012-10-25,,,POINT,MIDDLE SCALE,100 M TO 500 M,HIGHEST CONCENTRATION; SOURCE ORIENTED,107,Hi-Vol - Flameless Atomic absorption (GFAA); 3M HNO3 Boil 30 min,2012-10-25,Y,,SLAMS,,0520,Indiana Depart Of Environ Management/Office Of Air Quality,96919,41.653501,-87.435561,NAD83,7.0,147.542,4.66,GROUND LEVEL SUPPORT,East Chicago-Marina,East Chicago- Marina/ 3301 Aldis St.,Indiana,Lake,East Chicago,16980,"Chicago-Naperville-Elgin, IL-IN-WI",176,"Chicago-Naperville, IL-IN-WI",,
18,089,0034,14129,2,Lead (TSP) LC,2019-11-01,,,POINT,MIDDLE SCALE,100 M TO 500 M,HIGHEST CONCENTRATION; SOURCE ORIENTED,107,Hi-Vol - Flameless Atomic absorption (GFAA); 3M HNO3 Boil 30 min,2019-11-01,,,SLAMS,,0520,Indiana Depart Of Environ Management/Office Of Air Quality,96919,41.653501,-87.435561,NAD83,7.0,147.542,4.66,GROUND LEVEL SUPPORT,East Chicago-Marina,East Chicago- Marina/ 3301 Aldis St.,Indiana,Lake,East Chicago,16980,"Chicago-Naperville-Elgin, IL-IN-WI",176,"Chicago-Naperville, IL-IN-WI",,
18,127,0027,14129,1,Lead (TSP) LC,2011-08-25,,,,MIDDLE SCALE,100 M TO 500 M,HIGHEST CONCENTRATION; SOURCE ORIENTED,107,Hi-Vol - Flameless Atomic absorption (GFAA); 3M HNO3 Boil 30 min,2011-08-25,Y,,SLAMS,,0520,Indiana Depart Of Environ Management/Office Of Air Quality,96386,41.635181,-87.150367,WGS84,10.0,156.574,2.1,GROUND LEVEL SUPPORT,Burns Harbor- Port of Indiana,Portage- Burns Harbor /Port of Indiana 6600 US Highway 12/ E. Boundry Rd.,Indiana,Porter,Portage,16980,"Chicago-Naperville-Elgin, IL-IN-WI",176,"Chicago-Naperville, IL-IN-WI",,
18,089,0037,14129,1,Lead (TSP) LC,2018-07-31,,,,MIDDLE SCALE,100 M TO 500 M,SOURCE ORIENTED,107,Hi-Vol - Flameless Atomic absorption (GFAA); 3M HNO3 Boil 30 min,2018-07-31,Y,Y,SLAMS,,0520,Indiana Depart Of Environ Management/Office Of Air Quality,104327,41.674278,-87.494981,NAD83,5.0,145.7,2.4,GROUND LEVEL SUPPORT,Hammond- E. Lakeview St.,1350 E. Lakeview St./ Hammond- E. Lakeview St.,Indiana,Lake,Hammond,16980,"Chicago-Naperville-Elgin, IL-IN-WI",176,"Chicago-Naperville, IL-IN-WI",,
18,089,0037,14129,2,Lead (TSP) LC,2018-08-03,,,,MIDDLE SCALE,100 M TO 500 M,SOURCE ORIENTED,107,Hi-Vol - Flameless Atomic absorption (GFAA); 3M HNO3 Boil 30 min,2018-08-03,,,SLAMS,,0520,Indiana Depart Of Environ Management/Office Of Air Quality,104327,41.674278,-87.494981,NAD83,5.0,145.7,2.4,GROUND LEVEL SUPPORT,Hammond- E. Lakeview St.,1350 E. Lakeview St./ Hammond- E. Lakeview St.,Indiana,Lake,Hammond,16980,"Chicago-Naperville-Elgin, IL-IN-WI",176,"Chicago-Naperville, IL-IN-WI",,
19,155,0011,14129,1,Lead (TSP) LC,2009-11-01,,,AREA,MIDDLE SCALE,100 M TO 500 M,POPULATION EXPOSURE; SOURCE ORIENTED,189,Hi-Vol - ICP-MS  Extracted on a hot plate with 3M HNO3 according to refrn methd.  SW-846 Meth 6020A,2018-01-01,Y,Y,SLAMS,,1080,University Hygenic Laboratory (University of Iowa),95445,41.25425,-95.887249,WGS84,5.0,298.0,3.0,GROUND LEVEL SUPPORT,,"8th Avenue and 27th Street Council Bluffs, IA",Iowa,Pottawattamie,Council Bluffs,36540,"Omaha-Council Bluffs, NE-IA",420,"Omaha-Council Bluffs-Fremont, NE-IA",,
19,155,0011,14129,2,Lead (TSP) LC,2009-11-01,,,AREA,URBAN SCALE,4 KM TO 50 KM,POPULATION EXPOSURE; SOURCE ORIENTED,189,Hi-Vol - ICP-MS  Extracted on a hot plate with 3M HNO3 according to refrn methd.  SW-846 Meth 6020A,2018-01-01,,,SLAMS,,1080,University Hygenic Laboratory (University of Iowa),95445,41.25425,-95.887249,WGS84,5.0,298.0,3.0,GROUND LEVEL SUPPORT,,"8th Avenue and 27th Street Council Bluffs, IA",Iowa,Pottawattamie,Council Bluffs,36540,"Omaha-Council Bluffs, NE-IA",420,"Omaha-Council Bluffs-Fremont, NE-IA",,
20,169,0004,14129,2,Lead (TSP) LC,2013-06-01,,,POINT,MICROSCALE,0 M TO 100 M,SOURCE ORIENTED,189,Hi-Vol - ICP-MS  Extracted on a hot plate with 3M HNO3 according to refrn methd.  SW-846 Meth 6020A,2013-06-01,,,SLAMS,,0563,Kansas Department Of Health And Environment,95490,38.776473,-97.606494,NAD83,10.0,380.0,2.0,,Salina lead,304 E Ave B,Kansas,Saline,Not in a City,41460,"Salina, KS",,,,
20,169,0004,14129,1,Lead (TSP) LC,2010-02-01,,,POINT,MICROSCALE,0 M TO 100 M,SOURCE ORIENTED,189,Hi-Vol - ICP-MS  Extracted on a hot plate with 3M HNO3 according to refrn methd.  SW-846 Meth 6020A,2010-02-01,Y,Y,SLAMS,,0563,Kansas Department Of Health And Environment,95490,38.776473,-97.606494,NAD83,10.0,380.0,2.0,,Salina lead,304 E Ave B,Kansas,Saline,Not in a City,41460,"Salina, KS",,,,
21,151,0005,14129,1,Lead (TSP) LC,2012-03-10,,,POINT,MICROSCALE,0 M TO 100 M,SOURCE ORIENTED,193,Hi-Vol - ICP-MS,2015-09-10,Y,Y,SLAMS,,0584,Kentucky Division For Air Quality,96707,37.736349,-84.291774,WGS84,5.0,290.0,2.25,GROUND LEVEL SUPPORT,EASTERN KENTUCKY UNIVERSITY (EKU),VAN HOOSE DRIVE,Kentucky,Madison,Richmond,40080,"Richmond-Berea, KY",336,"Lexington-Fayette--Richmond--Frankfort, KY",,
21,151,0005,14129,2,Lead (TSP) LC,2016-07-11,,,POINT,MICROSCALE,0 M TO 100 M,SOURCE ORIENTED,193,Hi-Vol - ICP-MS,2016-07-11,,,SLAMS,,0584,Kentucky Division For Air Quality,96707,37.736349,-84.291774,WGS84,5.0,290.0,2.25,GROUND LEVEL SUPPORT,EASTERN KENTUCKY UNIVERSITY (EKU),VAN HOOSE DRIVE,Kentucky,Madison,Richmond,40080,"Richmond-Berea, KY",336,"Lexington-Fayette--Richmond--Frankfort, KY",,
22,095,0003,14129,1,Lead (TSP) LC,2010-03-15,,,,MIDDLE SCALE,100 M TO 500 M,SOURCE ORIENTED,196,HI-VOL - HEATED ULTRASONIC HNO3/HCL EXTRACTION WITH ICP-AES,2010-03-15,Y,Y,SLAMS,,1001,State Of Louisiana,6254,30.040961,-90.466783,NAD83,5.0,2.0,,GROUND LEVEL SUPPORT,LaPlace,115 Garden Grove,Louisiana,St. John the Baptist,Laplace (La Place),35380,"New Orleans-Metairie, LA",406,"New Orleans-Metairie-Hammond, LA-MS",,
22,095,0003,14129,2,Lead (TSP) LC,2010-03-15,,,,MIDDLE SCALE,100 M TO 500 M,SOURCE ORIENTED,196,HI-VOL - HEATED ULTRASONIC HNO3/HCL EXTRACTION WITH ICP-AES,2010-03-15,,,SLAMS,,1001,State Of Louisiana,6254,30.040961,-90.466783,NAD83,5.0,2.0,,GROUND LEVEL SUPPORT,LaPlace,115 Garden Grove,Louisiana,St. John the Baptist,Laplace (La Place),35380,"New Orleans-Metairie, LA",406,"New Orleans-Metairie-Hammond, LA-MS",,
22,033,0014,14129,1,Lead (TSP) LC,2010-03-27,,,,MIDDLE SCALE,100 M TO 500 M,SOURCE ORIENTED,196,HI-VOL - HEATED ULTRASONIC HNO3/HCL EXTRACTION WITH ICP-AES,2010-03-27,Y,,SLAMS,,1001,State Of Louisiana,96674,30.593966,-91.251946,NAD83,5.0,23.0,,GROUND LEVEL SUPPORT,Baker LSP,1400 West Irene Rd,Louisiana,East Baton Rouge,Not in a City,12940,"Baton Rouge, LA",,,,
26,163,0033,14129,1,Lead (TSP) LC,2010-01-02,,,,NEIGHBORHOOD,500 M TO 4KM,HIGHEST CONCENTRATION,189,Hi-Vol - ICP-MS  Extracted on a hot plate with 3M HNO3 according to refrn methd.  SW-846 Meth 6020A,2010-01-02,Y,Y,SLAMS,NATTS,0685,"Michigan Dept Of Environment, Great Lakes, and Energy-Air Quality Division",7854,42.306674,-83.148754,WGS84,0.0,0.0,5.0,,PROPERTY OWNED BY DEARBORN PUBLIC SCHOOLS,2842 WYOMING (DEARBORN),Michigan,Wayne,Dearborn,19820,"Detroit-Warren-Dearborn, MI",220,"Detroit-Warren-Ann Arbor, MI",,
26,163,0097,14129,1,Lead (TSP) LC,2016-09-03,,,,MIDDLE SCALE,100 M TO 500 M,WELFARE RELATED IMPACTS,189,Hi-Vol - ICP-MS  Extracted on a hot plate with 3M HNO3 according to refrn methd.  SW-846 Meth 6020A,2016-09-03,Y,,SLAMS,,0685,"Michigan Dept Of Environment, Great Lakes, and Energy-Air Quality Division",102681,42.261669,-83.157893,NAD83,0.1,0.1,,,NMH48217 NEW MT HERMAN CHURCH,3225 S DEACON ST (NMH48217),Michigan,Wayne,Detroit,19820,"Detroit-Warren-Dearborn, MI",220,"Detroit-Warren-Ann Arbor, MI",,
26,163,0005,14129,1,Lead (TSP) LC,2018-01-01,,,,NEIGHBORHOOD,500 M TO 4KM,GENERAL/BACKGROUND,189,Hi-Vol - ICP-MS  Extracted on a hot plate with 3M HNO3 according to refrn methd.  SW-846 Meth 6020A,2018-01-01,Y,,SLAMS,,0685,"Michigan Dept Of Environment, Great Lakes, and Energy-Air Quality Division",7833,42.267231,-83.132086,WGS84,0.0,177.0,,,River Rouge,315 GENESEE (RIVER ROUGE),Michigan,Wayne,River Rouge,19820,"Detroit-Warren-Dearborn, MI",220,"Detroit-Warren-Ann Arbor, MI",,
26,163,0027,14129,1,Lead (TSP) LC,2018-01-01,,,,NEIGHBORHOOD,500 M TO 4KM,GENERAL/BACKGROUND,189,Hi-Vol - ICP-MS  Extracted on a hot plate with 3M HNO3 according to refrn methd.  SW-846 Meth 6020A,2018-01-01,Y,,SLAMS,,0685,"Michigan Dept Of Environment, Great Lakes, and Energy-Air Quality Division",7849,42.292231,-83.106807,WGS84,0.0,178.0,,,Yellow Freight,7701 W. JEFFERSON (YELLOW FREIGHT),Michigan,Wayne,Detroit,19820,"Detroit-Warren-Dearborn, MI",220,"Detroit-Warren-Ann Arbor, MI",,
26,163,0001,14129,1,Lead (TSP) LC,2010-01-02,2019-12-31,,,NEIGHBORHOOD,500 M TO 4KM,POPULATION EXPOSURE,189,Hi-Vol - ICP-MS  Extracted on a hot plate with 3M HNO3 according to refrn methd.  SW-846 Meth 6020A,2010-01-02,,,,,0685,"Michigan Dept Of Environment, Great Lakes, and Energy-Air Quality Division",7829,42.22862,-83.2082,WGS84,0.0,181.0,,,Allen Park,14700 GODDARD (ALLEN PARK),Michigan,Wayne,Allen Park,19820,"Detroit-Warren-Dearborn, MI",220,"Detroit-Warren-Ann Arbor, MI",,
26,163,0033,14129,2,Lead (TSP) LC,2010-01-02,,,,NEIGHBORHOOD,500 M TO 4KM,HIGHEST CONCENTRATION,189,Hi-Vol - ICP-MS  Extracted on a hot plate with 3M HNO3 according to refrn methd.  SW-846 Meth 6020A,2010-01-02,,,SLAMS,NATTS,0685,"Michigan Dept Of Environment, Great Lakes, and Energy-Air Quality Division",7854,42.306674,-83.148754,WGS84,0.0,0.0,5.0,,PROPERTY OWNED BY DEARBORN PUBLIC SCHOOLS,2842 WYOMING (DEARBORN),Michigan,Wayne,Dearborn,19820,"Detroit-Warren-Dearborn, MI",220,"Detroit-Warren-Ann Arbor, MI",,
26,163,0015,14129,1,Lead (TSP) LC,2018-01-01,,,,NEIGHBORHOOD,500 M TO 4KM,POPULATION EXPOSURE,189,Hi-Vol - ICP-MS  Extracted on a hot plate with 3M HNO3 according to refrn methd.  SW-846 Meth 6020A,2018-01-01,Y,,SLAMS,,0685,"Michigan Dept Of Environment, Great Lakes, and Energy-Air Quality Division",7838,42.302786,-83.10653,WGS84,0.0,180.0,4.0,,Southwestern H.S.,150 WATERMAN (DET-SW-GHIB),Michigan,Wayne,Detroit,19820,"Detroit-Warren-Dearborn, MI",220,"Detroit-Warren-Ann Arbor, MI",,
26,163,0098,14129,1,Lead (TSP) LC,2018-08-06,,,,NEIGHBORHOOD,500 M TO 4KM,POPULATION EXPOSURE,189,Hi-Vol - ICP-MS  Extracted on a hot plate with 3M HNO3 according to refrn methd.  SW-846 Meth 6020A,2018-08-06,Y,,SLAMS,,0685,"Michigan Dept Of Environment, Great Lakes, and Energy-Air Quality Division",104312,42.312158,-83.091943,NAD83,0.5,0.5,,,DP4th - Detroit Police 4th Precinct (GHIB),4700 W FORT ST (DP4TH - GHIB),Michigan,Wayne,Detroit,19820,"Detroit-Warren-Dearborn, MI",220,"Detroit-Warren-Ann Arbor, MI",,
26,147,0031,14129,2,Lead (TSP) LC,2018-08-06,,,,MICROSCALE,0 M TO 100 M,SOURCE ORIENTED,189,Hi-Vol - ICP-MS  Extracted on a hot plate with 3M HNO3 according to refrn methd.  SW-846 Meth 6020A,2018-08-06,,,SLAMS,,0685,"Michigan Dept Of Environment, Great Lakes, and Energy-Air Quality Division",97051,42.982093,-82.45008,WGS84,0.01,0.01,,,PORT HURON-RURAL,324 RURAL ST (PORT HURON - RURAL),Michigan,St. Clair,Port Huron,19820,"Detroit-Warren-Dearborn, MI",220,"Detroit-Warren-Ann Arbor, MI",,
26,067,0003,14129,1,Lead (TSP) LC,2010-01-02,,,,MICROSCALE,0 M TO 100 M,SOURCE ORIENTED,189,Hi-Vol - ICP-MS  Extracted on a hot plate with 3M HNO3 according to refrn methd.  SW-846 Meth 6020A,2010-01-02,Y,,SLAMS,,0685,"Michigan Dept Of Environment, Great Lakes, and Energy-Air Quality Division",95673,43.099943,-85.222266,WGS84,0.01,0.0,,,,509 MERRICK ST (BELDING),Michigan,Ionia,Belding,26960,"Ionia, MI",266,"Grand Rapids-Wyoming-Muskegon, MI",,
26,163,0100,14129,1,Lead (TSP) LC,2018-11-01,,,MOBILE,NEIGHBORHOOD,500 M TO 4KM,POPULATION EXPOSURE,189,Hi-Vol - ICP-MS  Extracted on a hot plate with 3M HNO3 according to refrn methd.  SW-846 Meth 6020A,2018-11-01,Y,Y,SLAMS,,0685,"Michigan Dept Of Environment, Great Lakes, and Energy-Air Quality Division",104397,42.312078,-83.103469,NAD83,0.5,0.5,,,Military Park (GHIB),1238 MILITARY ST (MILITARY PARK - GHIB),Michigan,Wayne,Detroit,19820,"Detroit-Warren-Dearborn, MI",220,"Detroit-Warren-Ann Arbor, MI",,
26,081,0020,14129,1,Lead (TSP) LC,2010-01-02,2019-12-31,,,NEIGHBORHOOD,500 M TO 4KM,POPULATION EXPOSURE,189,Hi-Vol - ICP-MS  Extracted on a hot plate with 3M HNO3 according to refrn methd.  SW-846 Meth 6020A,2010-01-02,,,,,0685,"Michigan Dept Of Environment, Great Lakes, and Energy-Air Quality Division",7504,42.984173,-85.671339,WGS84,0.0,186.0,,,GR-MONROE,1179 MONROE  (GR-MONROE),Michigan,Kent,Grand Rapids,24340,"Grand Rapids-Wyoming, MI",266,"Grand Rapids-Wyoming-Muskegon, MI",,
26,147,0031,14129,1,Lead (TSP) LC,2012-11-05,,,,MICROSCALE,0 M TO 100 M,SOURCE ORIENTED,189,Hi-Vol - ICP-MS  Extracted on a hot plate with 3M HNO3 according to refrn methd.  SW-846 Meth 6020A,2012-11-05,Y,Y,SLAMS,,0685,"Michigan Dept Of Environment, Great Lakes, and Energy-Air Quality Division",97051,42.982093,-82.45008,WGS84,0.01,0.01,,,PORT HURON-RURAL,324 RURAL ST (PORT HURON - RURAL),Michigan,St. Clair,Port Huron,19820,"Detroit-Warren-Dearborn, MI",220,"Detroit-Warren-Ann Arbor, MI",,
26,163,0099,14129,1,Lead (TSP) LC,2018-10-23,,,MOBILE,NEIGHBORHOOD,500 M TO 4KM,POPULATION EXPOSURE,189,Hi-Vol - ICP-MS  Extracted on a hot plate with 3M HNO3 according to refrn methd.  SW-846 Meth 6020A,2018-10-23,Y,,SLAMS,,0685,"Michigan Dept Of Environment, Great Lakes, and Energy-Air Quality Division",104396,42.295824,-83.129431,NAD83,0.5,0.5,,,TRINITY ST MARKS - Gordy Howe International Bridge (GHIB),9191 W FORT ST (TRINITY - GHIB),Michigan,Wayne,Detroit,19820,"Detroit-Warren-Dearborn, MI",220,"Detroit-Warren-Ann Arbor, MI",,
27,163,0446,14129,1,Lead (TSP) LC,2011-01-01,,,,MIDDLE SCALE,100 M TO 500 M,SOURCE ORIENTED,192,Hi-Vol - Inductively Coupled Plasma-Mass Spectrometry Acid filter extract with hot nitric acid,2019-11-21,Y,,SLAMS,,0700,"Minnesota Pollution Control Agency, Division Of Air Quality",93668,45.02798,-92.77415,WGS84,1.52,230.0,,,Point Road,22 POINT RD,Minnesota,Washington,Bayport,33460,"Minneapolis-St. Paul-Bloomington, MN-WI",378,"Minneapolis-St. Paul, MN-WI",,
27,137,7555,14129,1,Lead (TSP) LC,2011-06-08,,,,NEIGHBORHOOD,500 M TO 4KM,POPULATION EXPOSURE,192,Hi-Vol - Inductively Coupled Plasma-Mass Spectrometry Acid filter extract with hot nitric acid,2019-12-11,Y,Y,SLAMS,,0700,"Minnesota Pollution Control Agency, Division Of Air Quality",8324,46.72938,-92.15998,WGS84,1.52,194.0,,,Waseca Road,Industrial Rd.,Minnesota,Saint Louis,Duluth,20260,"Duluth, MN-WI",,,,
27,053,1909,14129,1,Lead (TSP) LC,2017-01-01,,,,NEIGHBORHOOD,500 M TO 4KM,POPULATION EXPOSURE,192,Hi-Vol - Inductively Coupled Plasma-Mass Spectrometry Acid filter extract with hot nitric acid,2019-11-21,Y,,SLAMS,,0700,"Minnesota Pollution Control Agency, Division Of Air Quality",103311,45.013611,-93.272049,NAD83,1.0,253.0,16.0,TOP OF BUILDING,Bottineau / Marshall Terrace,2522 Marshall St. NE,Minnesota,Hennepin,Minneapolis,33460,"Minneapolis-St. Paul-Bloomington, MN-WI",378,"Minneapolis-St. Paul, MN-WI",,
27,037,0020,14129,1,Lead (TSP) LC,2011-06-08,,,POINT,MIDDLE SCALE,100 M TO 500 M,SOURCE ORIENTED,192,Hi-Vol - Inductively Coupled Plasma-Mass Spectrometry Acid filter extract with hot nitric acid,2019-11-21,Y,Y,SLAMS,,0700,"Minnesota Pollution Control Agency, Division Of Air Quality",7939,44.76323,-93.03255,WGS84,0.0,288.0,3.66,TOP OF BUILDING,Flint Hills Refinery 420,12821 PINE BEND TRAIL,Minnesota,Dakota,Rosemount,33460,"Minneapolis-St. Paul-Bloomington, MN-WI",378,"Minneapolis-St. Paul, MN-WI",,
27,053,0966,14129,1,Lead (TSP) LC,2011-06-08,,,AREA,NEIGHBORHOOD,500 M TO 4KM,POPULATION EXPOSURE,192,Hi-Vol - Inductively Coupled Plasma-Mass Spectrometry Acid filter extract with hot nitric acid,2019-11-21,Y,,SLAMS,,0700,"Minnesota Pollution Control Agency, Division Of Air Quality",91238,44.97944,-93.26613,NAD83,0.05,300.0,,TOP OF BUILDING,City of Lakes Building,309 2nd Ave. S.,Minnesota,Hennepin,Minneapolis,33460,"Minneapolis-St. Paul-Bloomington, MN-WI",378,"Minneapolis-St. Paul, MN-WI",,
27,137,7001,14129,1,Lead (TSP) LC,2011-06-08,,,,NEIGHBORHOOD,500 M TO 4KM,POPULATION EXPOSURE,196,HI-VOL - HEATED ULTRASONIC HNO3/HCL EXTRACTION WITH ICP-AES,2013-01-04,Y,,SLAMS,,0700,"Minnesota Pollution Control Agency, Division Of Air Quality",8318,47.523355,-92.536305,NAD83,0.0,455.0,,,Virginia City Hall,327 First St. S.,Minnesota,Saint Louis,Virginia,20260,"Duluth, MN-WI",,,,
27,053,1007,14129,1,Lead (TSP) LC,2011-06-08,,,,NEIGHBORHOOD,500 M TO 4KM,POPULATION EXPOSURE,192,Hi-Vol - Inductively Coupled Plasma-Mass Spectrometry Acid filter extract with hot nitric acid,2019-11-21,Y,,SLAMS,,0700,"Minnesota Pollution Control Agency, Division Of Air Quality",8040,45.03972,-93.29874,WGS84,263.0,263.0,4.0,,Humboldt Avenue,4646 North Humboldt,Minnesota,Hennepin,Minneapolis,33460,"Minneapolis-St. Paul-Bloomington, MN-WI",378,"Minneapolis-St. Paul, MN-WI",,
27,037,0465,14129,1,Lead (TSP) LC,2010-01-01,,,POINT,MIDDLE SCALE,100 M TO 500 M,SOURCE ORIENTED,192,Hi-Vol - Inductively Coupled Plasma-Mass Spectrometry Acid filter extract with hot nitric acid,2019-11-23,Y,Y,SLAMS,,0700,"Minnesota Pollution Control Agency, Division Of Air Quality",92679,44.83431,-93.11622,WGS84,1.52,281.0,,GROUND LEVEL SUPPORT,Gopher Resources,149 & Yankee Doodle Rd.,Minnesota,Dakota,Eagan,33460,"Minneapolis-St. Paul-Bloomington, MN-WI",378,"Minneapolis-St. Paul, MN-WI",,
27,163,0438,14129,1,Lead (TSP) LC,2011-01-01,,,,MIDDLE SCALE,100 M TO 500 M,SOURCE ORIENTED,192,Hi-Vol - Inductively Coupled Plasma-Mass Spectrometry Acid filter extract with hot nitric acid,2019-11-21,Y,,SLAMS,,0700,"Minnesota Pollution Control Agency, Division Of Air Quality",8396,44.85711,-93.00352,WGS84,1.52,230.0,,GROUND LEVEL SUPPORT,Saint Paul Park Refinery 438,4th Ave & 2nd St,Minnesota,Washington,Newport,33460,"Minneapolis-St. Paul-Bloomington, MN-WI",378,"Minneapolis-St. Paul, MN-WI",,
27,137,7549,14129,1,Lead (TSP) LC,2015-07-01,,,POINT,NEIGHBORHOOD,500 M TO 4KM,POPULATION EXPOSURE,196,HI-VOL - HEATED ULTRASONIC HNO3/HCL EXTRACTION WITH ICP-AES,2015-07-01,Y,,SLAMS,,0700,"Minnesota Pollution Control Agency, Division Of Air Quality",8321,46.77107,-92.11732,WGS84,1.52,204.0,11.0,TOP OF BUILDING,Michigan Street,1532 W. Michigan St.,Minnesota,Saint Louis,Duluth,20260,"Duluth, MN-WI",,,,
27,037,0020,14129,2,Lead (TSP) LC,2016-07-01,,,POINT,MIDDLE SCALE,100 M TO 500 M,SOURCE ORIENTED,192,Hi-Vol - Inductively Coupled Plasma-Mass Spectrometry Acid filter extract with hot nitric acid,2019-11-21,,,SLAMS,,0700,"Minnesota Pollution Control Agency, Division Of Air Quality",7939,44.76323,-93.03255,WGS84,0.0,288.0,3.66,TOP OF BUILDING,Flint Hills Refinery 420,12821 PINE BEND TRAIL,Minnesota,Dakota,Rosemount,33460,"Minneapolis-St. Paul-Bloomington, MN-WI",378,"Minneapolis-St. Paul, MN-WI",,
27,123,0871,14129,1,Lead (TSP) LC,2011-06-08,,,,NEIGHBORHOOD,500 M TO 4KM,POPULATION EXPOSURE,192,Hi-Vol - Inductively Coupled Plasma-Mass Spectrometry Acid filter extract with hot nitric acid,2019-11-21,Y,,SLAMS,,0700,"Minnesota Pollution Control Agency, Division Of Air Quality",8242,44.95939,-93.03587,WGS84,1.52,296.0,8.0,TOP OF BUILDING,Harding High School,1540 EAST 6TH STREET,Minnesota,Ramsey,St. Paul,33460,"Minneapolis-St. Paul-Bloomington, MN-WI",378,"Minneapolis-St. Paul, MN-WI",,
27,137,7555,14129,2,Lead (TSP) LC,2011-06-08,,,,NEIGHBORHOOD,500 M TO 4KM,POPULATION EXPOSURE,192,Hi-Vol - Inductively Coupled Plasma-Mass Spectrometry Acid filter extract with hot nitric acid,2019-12-17,,,SLAMS,,0700,"Minnesota Pollution Control Agency, Division Of Air Quality",8324,46.72938,-92.15998,WGS84,1.52,194.0,,,Waseca Road,Industrial Rd.,Minnesota,Saint Louis,Duluth,20260,"Duluth, MN-WI",,,,
27,003,1002,14129,1,Lead (TSP) LC,2012-01-01,,,,NEIGHBORHOOD,500 M TO 4KM,POPULATION EXPOSURE,192,Hi-Vol - Inductively Coupled Plasma-Mass Spectrometry Acid filter extract with hot nitric acid,2019-11-21,Y,,SLAMS,PROPOSED NCORE,0700,"Minnesota Pollution Control Agency, Division Of Air Quality",7889,45.13768,-93.207615,WGS84,0.0,280.0,2.13,GROUND LEVEL SUPPORT,Anoka County Airport,9399 Lima St,Minnesota,Anoka,Blaine,33460,"Minneapolis-St. Paul-Bloomington, MN-WI",378,"Minneapolis-St. Paul, MN-WI",,
27,053,0909,14129,1,Lead (TSP) LC,2014-10-01,,,POINT,MIDDLE SCALE,100 M TO 500 M,SOURCE ORIENTED,192,Hi-Vol - Inductively Coupled Plasma-Mass Spectrometry Acid filter extract with hot nitric acid,2019-12-21,Y,,SLAMS,,0700,"Minnesota Pollution Control Agency, Division Of Air Quality",96947,45.012102,-93.276699,NAD83,5.0,248.4,,TOP OF BUILDING,Lowry Avenue,3104 Pacific Street,Minnesota,Hennepin,Minneapolis,33460,"Minneapolis-St. Paul-Bloomington, MN-WI",378,"Minneapolis-St. Paul, MN-WI",,
27,037,0423,14129,1,Lead (TSP) LC,2017-01-01,,,,MIDDLE SCALE,100 M TO 500 M,SOURCE ORIENTED,192,Hi-Vol - Inductively Coupled Plasma-Mass Spectrometry Acid filter extract with hot nitric acid,2019-11-21,Y,,SLAMS,,0700,"Minnesota Pollution Control Agency, Division Of Air Quality",7945,44.77553,-93.06299,WGS84,0.0,272.0,1.22,GROUND LEVEL SUPPORT,Flint Hills Refinery 423,2142 120TH STREET EAST,Minnesota,Dakota,Inver Grove Heights (RR name Inver Grove),33460,"Minneapolis-St. Paul-Bloomington, MN-WI",378,"Minneapolis-St. Paul, MN-WI",,
27,037,0465,14129,2,Lead (TSP) LC,2010-01-01,,,POINT,MIDDLE SCALE,100 M TO 500 M,SOURCE ORIENTED,192,Hi-Vol - Inductively Coupled Plasma-Mass Spectrometry Acid filter extract with hot nitric acid,2019-11-23,,,SLAMS,,0700,"Minnesota Pollution Control Agency, Division Of Air Quality",92679,44.83431,-93.11622,WGS84,1.52,281.0,,GROUND LEVEL SUPPORT,Gopher Resources,149 & Yankee Doodle Rd.,Minnesota,Dakota,Eagan,33460,"Minneapolis-St. Paul-Bloomington, MN-WI",378,"Minneapolis-St. Paul, MN-WI",,
27,037,0470,14129,1,Lead (TSP) LC,2011-06-08,,,,NEIGHBORHOOD,500 M TO 4KM,POPULATION EXPOSURE,192,Hi-Vol - Inductively Coupled Plasma-Mass Spectrometry Acid filter extract with hot nitric acid,2019-11-21,Y,,SLAMS,,0700,"Minnesota Pollution Control Agency, Division Of Air Quality",7956,44.73846,-93.23725,WGS84,1.52,306.0,,TOP OF BUILDING,Apple Valley,225 GARDEN VIEW DRIVE,Minnesota,Dakota,Apple Valley,33460,"Minneapolis-St. Paul-Bloomington, MN-WI",378,"Minneapolis-St. Paul, MN-WI",,
27,053,0963,14129,1,Lead (TSP) LC,2011-06-08,,,,NEIGHBORHOOD,500 M TO 4KM,POPULATION EXPOSURE,196,HI-VOL - HEATED ULTRASONIC HNO3/HCL EXTRACTION WITH ICP-AES,2012-05-15,Y,,SLAMS,,0700,"Minnesota Pollution Control Agency, Division Of Air Quality",8032,44.95366,-93.25821,WGS84,1.52,267.0,,,Andersen School,2727 10th Ave. S.,Minnesota,Hennepin,Minneapolis,33460,"Minneapolis-St. Paul-Bloomington, MN-WI",378,"Minneapolis-St. Paul, MN-WI",,
27,053,0910,14129,1,Lead (TSP) LC,2015-06-01,,,,MIDDLE SCALE,100 M TO 500 M,SOURCE ORIENTED,192,Hi-Vol - Inductively Coupled Plasma-Mass Spectrometry Acid filter extract with hot nitric acid,2019-12-01,Y,,SLAMS,,0700,"Minnesota Pollution Control Agency, Division Of Air Quality",99148,45.008297,-93.277041,NAD83,1.0,249.0,2.0,GROUND LEVEL SUPPORT,Pacific Street,2710 North Pacific Street,Minnesota,Hennepin,Minneapolis,33460,"Minneapolis-St. Paul-Bloomington, MN-WI",378,"Minneapolis-St. Paul, MN-WI",,
27,053,0962,14129,1,Lead (TSP) LC,2013-10-01,,,MOBILE,MIDDLE SCALE,100 M TO 500 M,SOURCE ORIENTED,192,Hi-Vol - Inductively Coupled Plasma-Mass Spectrometry Acid filter extract with hot nitric acid,2019-11-21,Y,,SLAMS,NEAR ROAD,0700,"Minnesota Pollution Control Agency, Division Of Air Quality",96888,44.965242,-93.254759,NAD83,5.0,259.0,,,Near Road I-35/I-94,1444 E 18th St,Minnesota,Hennepin,Minneapolis,33460,"Minneapolis-St. Paul-Bloomington, MN-WI",378,"Minneapolis-St. Paul, MN-WI",,
27,123,6030,14129,1,Lead (TSP) LC,2019-09-12,,,,MIDDLE SCALE,100 M TO 500 M,SOURCE ORIENTED,192,Hi-Vol - Inductively Coupled Plasma-Mass Spectrometry Acid filter extract with hot nitric acid,2019-12-20,Y,,SPM,,0700,"Minnesota Pollution Control Agency, Division Of Air Quality",104659,45.075542,-93.033778,NAD83,1.59,285.0,2.0,,White Bear Township NW,1584 Whitaker St.,Minnesota,Ramsey,Not in a City,33460,"Minneapolis-St. Paul-Bloomington, MN-WI",378,"Minneapolis-St. Paul, MN-WI",,
27,123,6031,14129,1,Lead (TSP) LC,2019-09-12,,,POINT,MIDDLE SCALE,100 M TO 500 M,SOURCE ORIENTED,192,Hi-Vol - Inductively Coupled Plasma-Mass Spectrometry Acid filter extract with hot nitric acid,2019-12-21,Y,,SPM,,0700,"Minnesota Pollution Control Agency, Division Of Air Quality",104660,45.074799,-93.030755,NAD83,1.59,285.0,2.0,GROUND LEVEL SUPPORT,White Bear Township E,4400 Otter Lake Road,Minnesota,Ramsey,Not in a City,33460,"Minneapolis-St. Paul-Bloomington, MN-WI",378,"Minneapolis-St. Paul, MN-WI",,
29,099,0027,14129,1,Lead (TSP) LC,2011-06-16,,,,MIDDLE SCALE,100 M TO 500 M,HIGHEST CONCENTRATION; SOURCE ORIENTED,813,HI-VOL - ICP-MS  FRM; Heated ultrasonic 1.03M HNO3/2.23M HCl or Hot block 1:19 v/v HNO3,2016-07-01,Y,Y,SLAMS,,0588,Missouri Laboratory  Services Program,96236,38.26351,-90.37993,NAD83,20.0,142.0,3.0,GROUND LEVEL SUPPORT,"Herculaneum, Mott Street","MOTT STREET: 360 Short Street, Herculaneum, 63048",Missouri,Jefferson,Herculaneum,41180,"St. Louis, MO-IL",476,"St. Louis-St. Charles-Farmington, MO-IL",,
29,099,0020,14129,1,Lead (TSP) LC,2009-01-01,,,POINT,NEIGHBORHOOD,500 M TO 4KM,HIGHEST CONCENTRATION; SOURCE ORIENTED,192,Hi-Vol - Inductively Coupled Plasma-Mass Spectrometry Acid filter extract with hot nitric acid,2013-01-01,Y,Y,INDUSTRIAL,,1252,Missouri Dept Of Natural Resources,94582,38.26351,-90.37993,WGS84,20.0,142.0,2.0,OTHER,"Herculaneum, City Hall (Mott Street)","MOTT STREET: 747 Mott Street, Herculaneum, MO 63048",Missouri,Jefferson,Herculaneum,41180,"St. Louis, MO-IL",476,"St. Louis-St. Charles-Farmington, MO-IL",,
29,099,0027,14129,2,Lead (TSP) LC,2011-06-16,,,POINT,MIDDLE SCALE,100 M TO 500 M,HIGHEST CONCENTRATION; SOURCE ORIENTED,813,HI-VOL - ICP-MS  FRM; Heated ultrasonic 1.03M HNO3/2.23M HCl or Hot block 1:19 v/v HNO3,2016-07-01,,,SLAMS,,0588,Missouri Laboratory  Services Program,96236,38.26351,-90.37993,NAD83,20.0,142.0,3.0,GROUND LEVEL SUPPORT,"Herculaneum, Mott Street","MOTT STREET: 360 Short Street, Herculaneum, 63048",Missouri,Jefferson,Herculaneum,41180,"St. Louis, MO-IL",476,"St. Louis-St. Charles-Farmington, MO-IL",,
29,093,0016,14129,2,Lead (TSP) LC,2009-01-01,,All (2011-11-29 - Present),POINT,MIDDLE SCALE,100 M TO 500 M,SOURCE ORIENTED,192,Hi-Vol - Inductively Coupled Plasma-Mass Spectrometry Acid filter extract with hot nitric acid,2017-03-02,,,INDUSTRIAL,,1288,Doe Run Buick,8656,37.624064,-91.128396,WGS84,4.5,458.0,3.0,OTHER,Doe Run Buick - South #1,"DOE RUN BUICK - SOUTH#1:HC1 Box 1395 HWY KK Buick, MO 65439",Missouri,Iron,Not in a City,,,,,,
29,093,0021,14129,1,Lead (TSP) LC,2009-01-01,,All (2011-11-29 - Present),POINT,MIDDLE SCALE,100 M TO 500 M,SOURCE ORIENTED,192,Hi-Vol - Inductively Coupled Plasma-Mass Spectrometry Acid filter extract with hot nitric acid,2017-03-02,Y,Y,INDUSTRIAL,,1288,Doe Run Buick,8658,37.651843,-91.131066,WGS84,4.5,440.0,2.5,OTHER,Doe Run Buick - North # 5,"DOE RUN BUICK - NORTH#5:HC1 Box 1395 HWY 32  Buick, MO 65439",Missouri,Iron,Not in a City,,,,,,
29,099,0024,14129,2,Lead (TSP) LC,2009-01-01,2019-12-31,All (2011-10-15 - 2019-12-31),POINT,NEIGHBORHOOD,500 M TO 4KM,SOURCE ORIENTED,192,Hi-Vol - Inductively Coupled Plasma-Mass Spectrometry Acid filter extract with hot nitric acid,2013-01-01,,,,,1290,Doe Run Herculaneum,94586,38.25872,-90.38091,WGS84,20.0,141.0,2.0,OTHER,"Herculaneum, Church Street","CHURCH STREET: 951 Church Street, Herculaneum, MO 63048",Missouri,Jefferson,Herculaneum,41180,"St. Louis, MO-IL",476,"St. Louis-St. Charles-Farmington, MO-IL",,
29,093,0034,14129,1,Lead (TSP) LC,2010-11-22,,,POINT,MIDDLE SCALE,100 M TO 500 M,HIGHEST CONCENTRATION; SOURCE ORIENTED,813,HI-VOL - ICP-MS  FRM; Heated ultrasonic 1.03M HNO3/2.23M HCl or Hot block 1:19 v/v HNO3,2016-07-01,Y,Y,SLAMS,,0588,Missouri Laboratory  Services Program,96008,37.65214,-91.11689,WGS84,4.5,434.0,2.13,OTHER,Buick NE,BUICK NE: 347 Power Lane,Missouri,Iron,Not in a City,,,,,,
29,093,0034,14129,2,Lead (TSP) LC,2010-11-22,,,POINT,MIDDLE SCALE,100 M TO 500 M,HIGHEST CONCENTRATION; SOURCE ORIENTED,813,HI-VOL - ICP-MS  FRM; Heated ultrasonic 1.03M HNO3/2.23M HCl or Hot block 1:19 v/v HNO3,2016-07-01,,,SLAMS,,0588,Missouri Laboratory  Services Program,96008,37.65214,-91.11689,WGS84,4.5,434.0,2.13,OTHER,Buick NE,BUICK NE: 347 Power Lane,Missouri,Iron,Not in a City,,,,,,
29,093,9008,14129,1,Lead (TSP) LC,2010-12-01,,,POINT,MIDDLE SCALE,100 M TO 500 M,SOURCE ORIENTED,192,Hi-Vol - Inductively Coupled Plasma-Mass Spectrometry Acid filter extract with hot nitric acid,2017-03-02,Y,,INDUSTRIAL,,1288,Doe Run Buick,96098,37.65214,-91.11689,WGS84,4.5,434.0,2.13,OTHER,Doe Run Buick - Buick NE,BUICK NE; 347 Power Lane,Missouri,Iron,Not in a City,,,,,,
29,087,0008,14129,1,Lead (TSP) LC,2012-08-01,,,POINT,MIDDLE SCALE,100 M TO 500 M,SOURCE ORIENTED,813,HI-VOL - ICP-MS  FRM; Heated ultrasonic 1.03M HNO3/2.23M HCl or Hot block 1:19 v/v HNO3,2016-07-01,Y,,SLAMS,,0588,Missouri Laboratory  Services Program,8645,40.027222,-95.235833,WGS84,303.63,0.0,2.1,OTHER,"Forest City, Exide Levee (ESP SCHULYKILL WEST SITE LOCATED ON A LEVEE)","FOREST CITY, EXIDE LEVEE: 300 S. Washington St., Oregon, MO 64473",Missouri,Holt,Forest City,,,,,,
29,099,0005,14129,2,Lead (TSP) LC,2018-01-01,,,POINT,NEIGHBORHOOD,500 M TO 4KM,POPULATION EXPOSURE; SOURCE ORIENTED,192,Hi-Vol - Inductively Coupled Plasma-Mass Spectrometry Acid filter extract with hot nitric acid,2018-01-01,,,SLAMS,,1290,Doe Run Herculaneum,8720,38.267085,-90.378853,WGS84,1.0,140.0,7.75,TOP OF BUILDING,,"DUNKLIN HIGH SCHOOL: 1 Black Cat Dr., Herculaneum, MO, 63048",Missouri,Jefferson,Herculaneum,41180,"St. Louis, MO-IL",476,"St. Louis-St. Charles-Farmington, MO-IL",,
29,093,0027,14129,2,Lead (TSP) LC,2009-01-01,,All (2013-10-01 - Present),POINT,MIDDLE SCALE,100 M TO 500 M,SOURCE ORIENTED,192,Hi-Vol - Inductively Coupled Plasma-Mass Spectrometry Acid filter extract with hot nitric acid,2016-04-01,,,INDUSTRIAL,,1289,Doe Run Glover,8664,37.485387,-90.690022,NAD83,4.5,253.0,2.5,OTHER,Doe Run Glover - Post Office #2,"DOE RUN GLOVER - POST OFFICE: Hwy 49 Glover, MO 65439 (Remte site, see coordinates for location)",Missouri,Iron,Not in a City,,,,,,
29,099,0020,14129,2,Lead (TSP) LC,2009-01-01,,,POINT,NEIGHBORHOOD,500 M TO 4KM,HIGHEST CONCENTRATION; SOURCE ORIENTED,192,Hi-Vol - Inductively Coupled Plasma-Mass Spectrometry Acid filter extract with hot nitric acid,2013-01-01,,,INDUSTRIAL,,1252,Missouri Dept Of Natural Resources,94582,38.26351,-90.37993,WGS84,20.0,142.0,2.0,OTHER,"Herculaneum, City Hall (Mott Street)","MOTT STREET: 747 Mott Street, Herculaneum, MO 63048",Missouri,Jefferson,Herculaneum,41180,"St. Louis, MO-IL",476,"St. Louis-St. Charles-Farmington, MO-IL",,
29,099,0024,14129,1,Lead (TSP) LC,2009-01-01,,All (2011-10-15 - Present),POINT,NEIGHBORHOOD,500 M TO 4KM,SOURCE ORIENTED,192,Hi-Vol - Inductively Coupled Plasma-Mass Spectrometry Acid filter extract with hot nitric acid,2013-01-01,Y,Y,INDUSTRIAL,,1290,Doe Run Herculaneum,94586,38.25872,-90.38091,WGS84,20.0,141.0,2.0,OTHER,"Herculaneum, Church Street","CHURCH STREET: 951 Church Street, Herculaneum, MO 63048",Missouri,Jefferson,Herculaneum,41180,"St. Louis, MO-IL",476,"St. Louis-St. Charles-Farmington, MO-IL",,
29,099,0025,14129,1,Lead (TSP) LC,2010-01-01,,,POINT,NEIGHBORHOOD,500 M TO 4KM,SOURCE ORIENTED; UPWIND BACKGROUND,813,HI-VOL - ICP-MS  FRM; Heated ultrasonic 1.03M HNO3/2.23M HCl or Hot block 1:19 v/v HNO3,2016-07-01,Y,Y,SLAMS,,0588,Missouri Laboratory  Services Program,95657,38.243055,-90.373823,WGS84,10.0,176.2,5.0,,Ursuline North,"URSULINE NORTH: 210 Glennon Heights Road, Crystal City, MO 63019",Missouri,Jefferson,Not in a City,41180,"St. Louis, MO-IL",476,"St. Louis-St. Charles-Farmington, MO-IL",,
29,093,0027,14129,1,Lead (TSP) LC,2009-01-01,,All (2013-10-01 - Present),POINT,MIDDLE SCALE,100 M TO 500 M,SOURCE ORIENTED,192,Hi-Vol - Inductively Coupled Plasma-Mass Spectrometry Acid filter extract with hot nitric acid,2016-04-01,Y,Y,INDUSTRIAL,,1289,Doe Run Glover,8664,37.485387,-90.690022,NAD83,4.5,253.0,2.5,OTHER,Doe Run Glover - Post Office #2,"DOE RUN GLOVER - POST OFFICE: Hwy 49 Glover, MO 65439 (Remte site, see coordinates for location)",Missouri,Iron,Not in a City,,,,,,
29,093,0029,14129,1,Lead (TSP) LC,2009-01-01,,All (2013-10-01 - Present),POINT,MIDDLE SCALE,100 M TO 500 M,SOURCE ORIENTED,192,Hi-Vol - Inductively Coupled Plasma-Mass Spectrometry Acid filter extract with hot nitric acid,2016-04-01,Y,Y,INDUSTRIAL,,1289,Doe Run Glover,8666,37.472177,-90.689302,NAD83,4.5,255.0,2.0,OTHER,Doe Run Glover - Big Creek #5,"DOE RUN GLOVER - BIG CREEK: Glover Hwy 49, MO 65439 (Remote site, see coordinates for location)",Missouri,Iron,Not in a City,,,,,,
29,093,0033,14129,1,Lead (TSP) LC,2010-01-01,2019-05-01,,POINT,NEIGHBORHOOD,500 M TO 4KM,SOURCE ORIENTED,813,HI-VOL - ICP-MS  FRM; Heated ultrasonic 1.03M HNO3/2.23M HCl or Hot block 1:19 v/v HNO3,2016-07-01,,,,,0588,Missouri Laboratory  Services Program,95646,37.489726,-90.692572,NAD83,4.5,278.0,2.2,OTHER,Glover,"GLOVER: Highway 49, Approx. 0.4M S. Highway 21/49/72 Intersection, Glover, 63620",Missouri,Iron,Not in a City,,,,,,
29,093,0016,14129,1,Lead (TSP) LC,2009-01-01,,All (2011-11-29 - Present),POINT,MIDDLE SCALE,100 M TO 500 M,SOURCE ORIENTED,192,Hi-Vol - Inductively Coupled Plasma-Mass Spectrometry Acid filter extract with hot nitric acid,2017-03-02,Y,Y,INDUSTRIAL,,1288,Doe Run Buick,8656,37.624064,-91.128396,WGS84,4.5,458.0,3.0,OTHER,Doe Run Buick - South #1,"DOE RUN BUICK - SOUTH#1:HC1 Box 1395 HWY KK Buick, MO 65439",Missouri,Iron,Not in a City,,,,,,
29,099,0005,14129,1,Lead (TSP) LC,2009-01-01,,,POINT,NEIGHBORHOOD,500 M TO 4KM,POPULATION EXPOSURE; SOURCE ORIENTED,813,HI-VOL - ICP-MS  FRM; Heated ultrasonic 1.03M HNO3/2.23M HCl or Hot block 1:19 v/v HNO3,2016-07-01,Y,Y,SLAMS,,0588,Missouri Laboratory  Services Program,8720,38.267085,-90.378853,WGS84,1.0,140.0,7.75,TOP OF BUILDING,,"DUNKLIN HIGH SCHOOL: 1 Black Cat Dr., Herculaneum, MO, 63048",Missouri,Jefferson,Herculaneum,41180,"St. Louis, MO-IL",476,"St. Louis-St. Charles-Farmington, MO-IL",,
29,099,0013,14129,1,Lead (TSP) LC,2010-01-01,,,POINT,NEIGHBORHOOD,500 M TO 4KM,SOURCE ORIENTED,813,HI-VOL - ICP-MS  FRM; Heated ultrasonic 1.03M HNO3/2.23M HCl or Hot block 1:19 v/v HNO3,2016-07-01,Y,,SLAMS,,0588,Missouri Laboratory  Services Program,8727,38.271754,-90.376683,NAD83,1.0,141.0,3.5,OTHER,"Herculaneum, Sherman","SHERMAN: 460 Sherman Street, Herculaneum, MO 63048",Missouri,Jefferson,Herculaneum,41180,"St. Louis, MO-IL",476,"St. Louis-St. Charles-Farmington, MO-IL",,
29,179,0034,14129,1,Lead (TSP) LC,2010-01-01,,,,NEIGHBORHOOD,500 M TO 4KM,SOURCE ORIENTED,813,HI-VOL - ICP-MS  FRM; Heated ultrasonic 1.03M HNO3/2.23M HCl or Hot block 1:19 v/v HNO3,2016-07-01,Y,Y,SLAMS,,0588,Missouri Laboratory  Services Program,95647,37.564915,-91.114356,WGS84,10.0,346.0,5.0,,Oates,"OATES: 13155 Highway KKK, Oates, MO",Missouri,Reynolds,Not in a City,,,,,,
29,099,9004,14129,1,Lead (TSP) LC,2009-01-01,2019-12-31,,POINT,NEIGHBORHOOD,500 M TO 4KM,SOURCE ORIENTED,192,Hi-Vol - Inductively Coupled Plasma-Mass Spectrometry Acid filter extract with hot nitric acid,2013-01-04,,,,,1290,Doe Run Herculaneum,96091,38.271754,-90.376683,NAD83,1.0,141.0,3.35,OTHER,"Herculaneum, Sherman","SHERMAN: 460 Sherman Street, Herculaneum, MO 63048",Missouri,Jefferson,Herculaneum,41180,"St. Louis, MO-IL",476,"St. Louis-St. Charles-Farmington, MO-IL",,
29,099,0023,14129,1,Lead (TSP) LC,2009-01-01,,,POINT,NEIGHBORHOOD,500 M TO 4KM,POPULATION EXPOSURE; SOURCE ORIENTED,192,Hi-Vol - Inductively Coupled Plasma-Mass Spectrometry Acid filter extract with hot nitric acid,2013-01-01,Y,Y,INDUSTRIAL,,1290,Doe Run Herculaneum,94585,38.26216,-90.38126,NAD83,20.0,141.0,2.5,OTHER,"Herculaneum, North Cross","NORTH CROSS: Herculaneum, MO 63048",Missouri,Jefferson,Herculaneum,41180,"St. Louis, MO-IL",476,"St. Louis-St. Charles-Farmington, MO-IL",,
29,187,0007,14129,1,Lead (TSP) LC,2009-11-27,,,,NEIGHBORHOOD,500 M TO 4KM,POPULATION EXPOSURE,813,HI-VOL - ICP-MS  FRM; Heated ultrasonic 1.03M HNO3/2.23M HCl or Hot block 1:19 v/v HNO3,2016-07-01,Y,Y,SPM,,0588,Missouri Laboratory  Services Program,95449,37.814191,-90.507487,WGS84,10.0,286.0,2.5,OTHER,St. Joe State Park,"ST. JOE STATE PARK: 2800 Pimville Road, Park Hills, 63601",Missouri,Saint Francois,Park Hills,22100,"Farmington, MO",476,"St. Louis-St. Charles-Farmington, MO-IL",,
29,179,0002,14129,1,Lead (TSP) LC,2010-01-01,,,,NEIGHBORHOOD,500 M TO 4KM,SOURCE ORIENTED,813,HI-VOL - ICP-MS  FRM; Heated ultrasonic 1.03M HNO3/2.23M HCl or Hot block 1:19 v/v HNO3,2016-07-01,Y,Y,SLAMS,,0588,Missouri Laboratory  Services Program,95653,37.468956,-91.088595,WGS84,10.0,383.0,2.03,OTHER,Fletcher,"FLETCHER: Forest Rd 2236, Westfork, MO 64498",Missouri,Reynolds,Not in a City,,,,,,
39,029,0019,14129,1,Lead (TSP) LC,2010-01-01,,,POINT,NEIGHBORHOOD,500 M TO 4KM,POPULATION EXPOSURE,192,Hi-Vol - Inductively Coupled Plasma-Mass Spectrometry Acid filter extract with hot nitric acid,2010-07-01,Y,,SLAMS,,0807,"Ohio EPA, Northeast District Office",11951,40.631545,-80.547181,NAD83,5.0,209.0,2.0,GROUND LEVEL SUPPORT,Port Authority,"1250 GEORGE, COLUMBIANA PORT AUTHORITY",Ohio,Columbiana,East Liverpool,41400,"Salem, OH",566,"Youngstown-Warren, OH-PA",,
39,029,0020,14129,1,Lead (TSP) LC,2010-01-01,,,POINT,NEIGHBORHOOD,500 M TO 4KM,POPULATION EXPOSURE,192,Hi-Vol - Inductively Coupled Plasma-Mass Spectrometry Acid filter extract with hot nitric acid,2010-07-01,Y,,SLAMS,,0807,"Ohio EPA, Northeast District Office",11952,40.639509,-80.523951,NAD83,5.0,213.4,2.0,GROUND LEVEL SUPPORT,East Liverpool WTP,2220 MICHIGAN,Ohio,Columbiana,East Liverpool,41400,"Salem, OH",566,"Youngstown-Warren, OH-PA",,
39,035,0038,14129,1,Lead (TSP) LC,2010-01-01,,,AREA,NEIGHBORHOOD,500 M TO 4KM,POPULATION EXPOSURE,192,Hi-Vol - Inductively Coupled Plasma-Mass Spectrometry Acid filter extract with hot nitric acid,2010-07-01,Y,,SLAMS,,0229,Cleveland Air Pollution Control Agency,12000,41.477011,-81.682383,NAD83,5.0,202.0,4.27,TOP OF BUILDING,St Theodosius,2547 ST TIKHON,Ohio,Cuyahoga,Cleveland,17460,"Cleveland-Elyria, OH",184,"Cleveland-Akron-Canton, OH",,
39,051,0001,14129,1,Lead (TSP) LC,2010-01-01,,,POINT,MIDDLE SCALE,100 M TO 500 M,SOURCE ORIENTED,192,Hi-Vol - Inductively Coupled Plasma-Mass Spectrometry Acid filter extract with hot nitric acid,2010-07-01,Y,Y,SLAMS,,0808,"Ohio EPA, Northwest District Office",12124,41.57588,-83.9959,NAD83,12.0,220.0,3.0,GROUND LEVEL SUPPORT,Delta,200 VAN BUREN,Ohio,Fulton,Delta,45780,"Toledo, OH",534,"Toledo-Port Clinton, OH",,
39,101,0004,14129,1,Lead (TSP) LC,2012-01-01,,,POINT,MIDDLE SCALE,100 M TO 500 M,POPULATION EXPOSURE,192,Hi-Vol - Inductively Coupled Plasma-Mass Spectrometry Acid filter extract with hot nitric acid,2012-01-01,Y,,SPM,,0808,"Ohio EPA, Northwest District Office",96595,40.57665,-83.14022,NAD83,5.0,299.0,2.0,GROUND LEVEL SUPPORT,Marion Bellefontaine,640 BELLEFONTAINE AVE.,Ohio,Marion,Marion,32020,"Marion, OH",198,"Columbus-Marion-Zanesville, OH",,
39,029,0023,14129,1,Lead (TSP) LC,2016-02-01,,,POINT,MIDDLE SCALE,100 M TO 500 M,SOURCE ORIENTED,192,Hi-Vol - Inductively Coupled Plasma-Mass Spectrometry Acid filter extract with hot nitric acid,2016-02-01,Y,Y,SLAMS,,0807,"Ohio EPA, Northeast District Office",101377,40.634688,-80.545695,NAD83,5.0,229.0,1.96,GROUND LEVEL SUPPORT,Eastside Elem,500 MARYLAND AVE.,Ohio,Columbiana,East Liverpool,41400,"Salem, OH",566,"Youngstown-Warren, OH-PA",,
39,035,0049,14129,1,Lead (TSP) LC,2010-01-01,,,POINT,NEIGHBORHOOD,500 M TO 4KM,SOURCE ORIENTED,192,Hi-Vol - Inductively Coupled Plasma-Mass Spectrometry Acid filter extract with hot nitric acid,2010-07-01,Y,Y,SLAMS,,0229,Cleveland Air Pollution Control Agency,12011,41.446342,-81.6507,NAD83,5.0,213.0,3.0,GROUND LEVEL SUPPORT,Ferro,E. 56TH ST.,Ohio,Cuyahoga,Cleveland,17460,"Cleveland-Elyria, OH",184,"Cleveland-Akron-Canton, OH",,
39,167,0008,14129,1,Lead (TSP) LC,2010-01-01,,,POINT,NEIGHBORHOOD,500 M TO 4KM,POPULATION EXPOSURE,192,Hi-Vol - Inductively Coupled Plasma-Mass Spectrometry Acid filter extract with hot nitric acid,2010-07-01,Y,Y,SLAMS,,0809,"Ohio EPA, Southeast District Office",12754,39.43147,-81.50131,NAD83,5.0,270.0,7.0,TOP OF BUILDING,Washington Career,S.R. 676  WASHINGTON CAREER CENTER,Ohio,Washington,Marietta,31930,"Marietta, OH",425,"Parkersburg-Marietta-Vienna, WV-OH",,
39,029,0023,14129,2,Lead (TSP) LC,2016-02-01,,,POINT,MIDDLE SCALE,100 M TO 500 M,POPULATION EXPOSURE,192,Hi-Vol - Inductively Coupled Plasma-Mass Spectrometry Acid filter extract with hot nitric acid,2016-02-01,,,SLAMS,,0807,"Ohio EPA, Northeast District Office",101377,40.634688,-80.545695,NAD83,5.0,229.0,1.97,GROUND LEVEL SUPPORT,Eastside Elem,500 MARYLAND AVE.,Ohio,Columbiana,East Liverpool,41400,"Salem, OH",566,"Youngstown-Warren, OH-PA",,
39,029,0020,14129,4,Lead (TSP) LC,2019-01-01,,,POINT,NEIGHBORHOOD,500 M TO 4KM,POPULATION EXPOSURE,192,Hi-Vol - Inductively Coupled Plasma-Mass Spectrometry Acid filter extract with hot nitric acid,2019-01-01,,,SLAMS,,0807,"Ohio EPA, Northeast District Office",11952,40.639509,-80.523951,NAD83,5.0,213.4,2.0,GROUND LEVEL SUPPORT,East Liverpool WTP,2220 MICHIGAN,Ohio,Columbiana,East Liverpool,41400,"Salem, OH",566,"Youngstown-Warren, OH-PA",,
39,035,0061,14129,1,Lead (TSP) LC,2010-01-01,2019-07-31,,POINT,MIDDLE SCALE,100 M TO 500 M,HIGHEST CONCENTRATION,192,Hi-Vol - Inductively Coupled Plasma-Mass Spectrometry Acid filter extract with hot nitric acid,2010-07-01,,,,,0229,Cleveland Air Pollution Control Agency,12023,41.473092,-81.675956,NAD83,5.0,181.0,2.0,GROUND LEVEL SUPPORT,W 3rd,W. SIDE OF WEST 3RD.,Ohio,Cuyahoga,Cleveland,17460,"Cleveland-Elyria, OH",184,"Cleveland-Akron-Canton, OH",,
39,035,0042,14129,1,Lead (TSP) LC,2010-01-01,2019-09-16,,POINT,MIDDLE SCALE,100 M TO 500 M,POPULATION EXPOSURE,192,Hi-Vol - Inductively Coupled Plasma-Mass Spectrometry Acid filter extract with hot nitric acid,2010-07-01,,,,,0229,Cleveland Air Pollution Control Agency,12004,41.4823,-81.708906,NAD83,5.0,208.0,5.56,TOP OF BUILDING,Cleveland Fire St4,"3136 LORAIN AVE., F.S. 4",Ohio,Cuyahoga,Cleveland,17460,"Cleveland-Elyria, OH",184,"Cleveland-Akron-Canton, OH",,
39,035,0042,14129,2,Lead (TSP) LC,2010-01-01,2019-09-16,,POINT,MIDDLE SCALE,100 M TO 500 M,QUALITY ASSURANCE,192,Hi-Vol - Inductively Coupled Plasma-Mass Spectrometry Acid filter extract with hot nitric acid,2010-07-01,,,,,0229,Cleveland Air Pollution Control Agency,12004,41.4823,-81.708906,NAD83,5.0,208.0,5.56,TOP OF BUILDING,Cleveland Fire St4,"3136 LORAIN AVE., F.S. 4",Ohio,Cuyahoga,Cleveland,17460,"Cleveland-Elyria, OH",184,"Cleveland-Akron-Canton, OH",,
39,035,0049,14129,2,Lead (TSP) LC,2010-01-01,,,POINT,NEIGHBORHOOD,500 M TO 4KM,QUALITY ASSURANCE,192,Hi-Vol - Inductively Coupled Plasma-Mass Spectrometry Acid filter extract with hot nitric acid,2010-07-01,,,SLAMS,,0229,Cleveland Air Pollution Control Agency,12011,41.446342,-81.6507,NAD83,5.0,213.0,3.0,GROUND LEVEL SUPPORT,Ferro,E. 56TH ST.,Ohio,Cuyahoga,Cleveland,17460,"Cleveland-Elyria, OH",184,"Cleveland-Akron-Canton, OH",,
39,151,0024,14129,1,Lead (TSP) LC,2017-06-06,,,POINT,MICROSCALE,0 M TO 100 M,SOURCE ORIENTED,192,Hi-Vol - Inductively Coupled Plasma-Mass Spectrometry Acid filter extract with hot nitric acid,2017-06-06,Y,,SLAMS,,0151,Canton City Health Department Air Pollution Control,103970,40.80032,-81.33137,NAD83,5.0,320.0,5.1,GROUND LEVEL SUPPORT,Republic Steel,"3150 Georgetown Rd., NE",Ohio,Stark,Canton,15940,"Canton-Massillon, OH",184,"Cleveland-Akron-Canton, OH",,
39,167,0008,14129,2,Lead (TSP) LC,2014-08-01,,,POINT,NEIGHBORHOOD,500 M TO 4KM,QUALITY ASSURANCE,192,Hi-Vol - Inductively Coupled Plasma-Mass Spectrometry Acid filter extract with hot nitric acid,2014-08-01,,,SLAMS,,0809,"Ohio EPA, Southeast District Office",12754,39.43147,-81.50131,NAD83,5.0,270.0,7.0,TOP OF BUILDING,Washington Career,S.R. 676  WASHINGTON CAREER CENTER,Ohio,Washington,Marietta,31930,"Marietta, OH",425,"Parkersburg-Marietta-Vienna, WV-OH",,
39,049,0039,14129,1,Lead (TSP) LC,2014-10-01,2019-10-09,,POINT,NEIGHBORHOOD,500 M TO 4KM,POPULATION EXPOSURE,192,Hi-Vol - Inductively Coupled Plasma-Mass Spectrometry Acid filter extract with hot nitric acid,2014-10-01,,,,,0805,"Ohio EPA, Central District Office",97793,39.928531,-82.980105,NAD83,5.0,235.0,6.0,TOP OF BUILDING,Barack Rec Center,580 E. WOODROW AVE.,Ohio,Franklin,Columbus,18140,"Columbus, OH",198,"Columbus-Marion-Zanesville, OH",,
39,101,0003,14129,4,Lead (TSP) LC,2019-01-01,,,POINT,MIDDLE SCALE,100 M TO 500 M,POPULATION EXPOSURE,192,Hi-Vol - Inductively Coupled Plasma-Mass Spectrometry Acid filter extract with hot nitric acid,2019-01-01,,,SLAMS,,0808,"Ohio EPA, Northwest District Office",95497,40.57158,-83.135648,NAD83,10.0,247.0,2.0,GROUND LEVEL SUPPORT,Marion Hawthorne,HAWTHORNE AVE.,Ohio,Marion,Marion,32020,"Marion, OH",198,"Columbus-Marion-Zanesville, OH",,
39,051,0001,14129,2,Lead (TSP) LC,2010-01-01,,,POINT,MIDDLE SCALE,100 M TO 500 M,QUALITY ASSURANCE,192,Hi-Vol - Inductively Coupled Plasma-Mass Spectrometry Acid filter extract with hot nitric acid,2010-07-01,,,SLAMS,,0808,"Ohio EPA, Northwest District Office",12124,41.57588,-83.9959,NAD83,12.0,220.0,3.0,GROUND LEVEL SUPPORT,Delta,200 VAN BUREN,Ohio,Fulton,Delta,45780,"Toledo, OH",534,"Toledo-Port Clinton, OH",,
39,101,0003,14129,1,Lead (TSP) LC,2010-03-12,,,POINT,MIDDLE SCALE,100 M TO 500 M,POPULATION EXPOSURE,192,Hi-Vol - Inductively Coupled Plasma-Mass Spectrometry Acid filter extract with hot nitric acid,2010-07-01,Y,,SLAMS,,0808,"Ohio EPA, Northwest District Office",95497,40.57158,-83.135648,NAD83,10.0,247.0,2.0,GROUND LEVEL SUPPORT,Marion Hawthorne,HAWTHORNE AVE.,Ohio,Marion,Marion,32020,"Marion, OH",198,"Columbus-Marion-Zanesville, OH",,
39,151,0024,14129,4,Lead (TSP) LC,2017-06-06,,,POINT,MICROSCALE,0 M TO 100 M,SOURCE ORIENTED,192,Hi-Vol - Inductively Coupled Plasma-Mass Spectrometry Acid filter extract with hot nitric acid,2021-03-01,,,SLAMS,,0151,Canton City Health Department Air Pollution Control,103970,40.80032,-81.33137,NAD83,5.0,320.0,5.1,GROUND LEVEL SUPPORT,Republic Steel,"3150 Georgetown Rd., NE",Ohio,Stark,Canton,15940,"Canton-Massillon, OH",184,"Cleveland-Akron-Canton, OH",,
40,115,9007,14129,2,Lead (TSP) LC,2010-05-02,,,AREA,NEIGHBORHOOD,500 M TO 4KM,GENERAL/BACKGROUND,189,Hi-Vol - ICP-MS  Extracted on a hot plate with 3M HNO3 according to refrn methd.  SW-846 Meth 6020A,2010-05-02,,,TRIBAL,,920,"Quapaw Tribe of Indians, OK",91815,36.985702,-94.83931,WGS84,1.0,273.0,2.0,GROUND LEVEL SUPPORT,,713 West A Street,Oklahoma,Ottawa,Picher,33060,"Miami, OK",309,"Joplin-Miami, MO-OK",920,"Quapaw Tribe of Indians, OK"
40,115,9007,14129,1,Lead (TSP) LC,2010-05-02,,,AREA,NEIGHBORHOOD,500 M TO 4KM,GENERAL/BACKGROUND,189,Hi-Vol - ICP-MS  Extracted on a hot plate with 3M HNO3 according to refrn methd.  SW-846 Meth 6020A,2010-05-02,Y,Y,TRIBAL,,920,"Quapaw Tribe of Indians, OK",91815,36.985702,-94.83931,WGS84,1.0,273.0,2.0,GROUND LEVEL SUPPORT,,713 West A Street,Oklahoma,Ottawa,Picher,33060,"Miami, OK",309,"Joplin-Miami, MO-OK",920,"Quapaw Tribe of Indians, OK"
40,037,0146,14129,1,Lead (TSP) LC,2016-02-12,2019-12-31,,POINT,NEIGHBORHOOD,500 M TO 4KM,SOURCE ORIENTED,813,HI-VOL - ICP-MS  FRM; Heated ultrasonic 1.03M HNO3/2.23M HCl or Hot block 1:19 v/v HNO3,2016-02-12,,,,,0812,Oklahoma Dept. Of Environmental Quality Air Quality Division,100917,36.013567,-96.099144,WGS84,1.0,1.0,2.0,OTHER,,10375 N Frankoma,Oklahoma,Creek,Sapulpa,46140,"Tulsa, OK",538,"Tulsa-Muskogee-Bartlesville, OK",,
40,037,0146,14129,2,Lead (TSP) LC,2016-02-12,2019-12-31,,POINT,NEIGHBORHOOD,500 M TO 4KM,QUALITY ASSURANCE,813,HI-VOL - ICP-MS  FRM; Heated ultrasonic 1.03M HNO3/2.23M HCl or Hot block 1:19 v/v HNO3,2016-02-12,,,,,0812,Oklahoma Dept. Of Environmental Quality Air Quality Division,100917,36.013567,-96.099144,WGS84,1.0,1.0,2.0,OTHER,,10375 N Frankoma,Oklahoma,Creek,Sapulpa,46140,"Tulsa, OK",538,"Tulsa-Muskogee-Bartlesville, OK",,
40,115,9006,14129,1,Lead (TSP) LC,2010-05-02,,,AREA,NEIGHBORHOOD,500 M TO 4KM,GENERAL/BACKGROUND,189,Hi-Vol - ICP-MS  Extracted on a hot plate with 3M HNO3 according to refrn methd.  SW-846 Meth 6020A,2010-05-02,Y,,TRIBAL,,920,"Quapaw Tribe of Indians, OK",91814,36.9846,-94.8249,WGS84,3.0,274.0,2.0,GROUND LEVEL SUPPORT,,723 EAST SECOND STREET,Oklahoma,Ottawa,Picher,33060,"Miami, OK",309,"Joplin-Miami, MO-OK",920,"Quapaw Tribe of Indians, OK"
40,121,0416,14129,3,Lead (TSP) LC,2016-08-22,,,POINT,NEIGHBORHOOD,500 M TO 4KM,SOURCE ORIENTED,813,HI-VOL - ICP-MS  FRM; Heated ultrasonic 1.03M HNO3/2.23M HCl or Hot block 1:19 v/v HNO3,2016-08-22,Y,Y,SLAMS,,0812,Oklahoma Dept. Of Environmental Quality Air Quality Division,95609,34.829396,-95.843642,WGS84,1.3,223.877,6.0,OTHER,Savanna,108 N. Main Street,Oklahoma,Pittsburg,Savanna,32540,"McAlester, OK",,,,
42,011,1717,14129,1,Lead (TSP) LC,2009-01-01,,,POINT,NEIGHBORHOOD,500 M TO 4KM,POPULATION EXPOSURE,192,Hi-Vol - Inductively Coupled Plasma-Mass Spectrometry Acid filter extract with hot nitric acid,2011-01-03,Y,Y,SLAMS,,0851,Pennsylvania Department Of Environmental Protection,13499,40.377222,-75.914444,WGS84,2.83,116.0,2.0,,A420111717LAT/LON POINT IS OF SAMPLING INLET,SPRING VALLEY ROAD,Pennsylvania,Berks,Laureldale,39740,"Reading, PA",428,"Philadelphia-Reading-Camden, PA-NJ-DE-MD",,
42,011,0022,14129,1,Lead (TSP) LC,2010-01-01,,,POINT,MIDDLE SCALE,100 M TO 500 M,SOURCE ORIENTED,192,Hi-Vol - Inductively Coupled Plasma-Mass Spectrometry Acid filter extract with hot nitric acid,2011-01-03,Y,Y,SLAMS,,0851,Pennsylvania Department Of Environmental Protection,95682,40.478319,-75.753947,WGS84,1.1,160.0,2.0,,,Park Ave,Pennsylvania,Berks,Lyons (corporate and RR name for Lyon Station),39740,"Reading, PA",428,"Philadelphia-Reading-Camden, PA-NJ-DE-MD",,
42,071,0009,14129,1,Lead (TSP) LC,2012-01-01,,,POINT,MIDDLE SCALE,100 M TO 500 M,SOURCE ORIENTED,192,Hi-Vol - Inductively Coupled Plasma-Mass Spectrometry Acid filter extract with hot nitric acid,2012-01-01,Y,,SLAMS,,0851,Pennsylvania Department Of Environmental Protection,96693,40.108944,-76.472235,WGS84,1.5,115.0,2.0,,,1088 East Main Street,Pennsylvania,Lancaster,Mount Joy,29540,"Lancaster, PA",,,,
42,007,0505,14129,1,Lead (TSP) LC,2009-01-01,,,POINT,MIDDLE SCALE,100 M TO 500 M,POPULATION EXPOSURE,192,Hi-Vol - Inductively Coupled Plasma-Mass Spectrometry Acid filter extract with hot nitric acid,2011-01-03,Y,,SLAMS,,0851,Pennsylvania Department Of Environmental Protection,13454,40.685019,-80.324775,WGS84,0.0,219.0,2.0,,,TAMAQUI DR,Pennsylvania,Beaver,Not in a City,38300,"Pittsburgh, PA",430,"Pittsburgh-New Castle-Weirton, PA-OH-WV",,
42,025,0214,14129,1,Lead (TSP) LC,2012-07-01,,,POINT,MIDDLE SCALE,100 M TO 500 M,SOURCE ORIENTED,192,Hi-Vol - Inductively Coupled Plasma-Mass Spectrometry Acid filter extract with hot nitric acid,2012-07-01,Y,Y,SLAMS,,0851,Pennsylvania Department Of Environmental Protection,96882,40.814204,-75.580448,WGS84,4.0,133.0,2.0,,,620 Little Gap Road,Pennsylvania,Carbon,Not in a City,10900,"Allentown-Bethlehem-Easton, PA-NJ",408,"New York-Newark, NY-NJ-CT-PA",,
42,025,0214,14129,2,Lead (TSP) LC,2017-04-01,,,POINT,MIDDLE SCALE,100 M TO 500 M,QUALITY ASSURANCE,192,Hi-Vol - Inductively Coupled Plasma-Mass Spectrometry Acid filter extract with hot nitric acid,2017-04-01,,,SLAMS,,0851,Pennsylvania Department Of Environmental Protection,96882,40.814204,-75.580448,WGS84,4.0,133.0,2.0,,,620 Little Gap Road,Pennsylvania,Carbon,Not in a City,10900,"Allentown-Bethlehem-Easton, PA-NJ",408,"New York-Newark, NY-NJ-CT-PA",,
42,129,0009,14129,1,Lead (TSP) LC,2010-01-01,,,POINT,MIDDLE SCALE,100 M TO 500 M,SOURCE ORIENTED,192,Hi-Vol - Inductively Coupled Plasma-Mass Spectrometry Acid filter extract with hot nitric acid,2011-01-03,Y,,SLAMS,,0851,Pennsylvania Department Of Environmental Protection,95603,40.392922,-79.024456,WGS84,3.2,360.0,2.0,,,"Sugar Run Road, Rt 711",Pennsylvania,Westmoreland,Not in a City,38300,"Pittsburgh, PA",430,"Pittsburgh-New Castle-Weirton, PA-OH-WV",,
42,073,0011,14129,1,Lead (TSP) LC,2010-01-01,,,POINT,MIDDLE SCALE,100 M TO 500 M,SOURCE ORIENTED,192,Hi-Vol - Inductively Coupled Plasma-Mass Spectrometry Acid filter extract with hot nitric acid,2011-01-09,Y,,SLAMS,,0851,Pennsylvania Department Of Environmental Protection,95662,40.860031,-80.279092,WGS84,6.8,290.0,2.0,,,3 Fountain Ave,Pennsylvania,Lawrence,Not in a City,35260,"New Castle, PA",430,"Pittsburgh-New Castle-Weirton, PA-OH-WV",,
42,011,0021,14129,1,Lead (TSP) LC,2010-01-01,,,POINT,MIDDLE SCALE,100 M TO 500 M,SOURCE ORIENTED,192,Hi-Vol - Inductively Coupled Plasma-Mass Spectrometry Acid filter extract with hot nitric acid,2011-01-03,Y,,SLAMS,,0851,Pennsylvania Department Of Environmental Protection,95665,40.477075,-75.756919,WGS84,9.1,160.0,2.0,,,Kemp St,Pennsylvania,Berks,Lyons (corporate and RR name for Lyon Station),39740,"Reading, PA",428,"Philadelphia-Reading-Camden, PA-NJ-DE-MD",,
42,045,0002,14129,1,Lead (TSP) LC,2009-01-01,,,POINT,NEIGHBORHOOD,500 M TO 4KM,POPULATION EXPOSURE,192,Hi-Vol - Inductively Coupled Plasma-Mass Spectrometry Acid filter extract with hot nitric acid,2011-01-15,Y,,SLAMS,,0851,Pennsylvania Department Of Environmental Protection,13621,39.835556,-75.3725,WGS84,3.56,3.0,2.0,,A420450002LAT/LON POINT IS OF CORNER OF TRAILER,FRONT ST & NORRIS ST,Pennsylvania,Delaware,Chester,37980,"Philadelphia-Camden-Wilmington, PA-NJ-DE-MD",428,"Philadelphia-Reading-Camden, PA-NJ-DE-MD",,
42,011,0020,14129,1,Lead (TSP) LC,2010-01-01,,,POINT,NEIGHBORHOOD,500 M TO 4KM,SOURCE ORIENTED,192,Hi-Vol - Inductively Coupled Plasma-Mass Spectrometry Acid filter extract with hot nitric acid,2011-01-03,Y,Y,SLAMS,,0851,Pennsylvania Department Of Environmental Protection,95680,40.385981,-75.912856,WGS84,5.0,110.0,2.0,,,3139 Kutztown Rd,Pennsylvania,Berks,Not in a City,39740,"Reading, PA",428,"Philadelphia-Reading-Camden, PA-NJ-DE-MD",,
42,011,0020,14129,2,Lead (TSP) LC,2010-01-01,,,POINT,NEIGHBORHOOD,500 M TO 4KM,SOURCE ORIENTED,192,Hi-Vol - Inductively Coupled Plasma-Mass Spectrometry Acid filter extract with hot nitric acid,2011-01-03,,,SLAMS,,0851,Pennsylvania Department Of Environmental Protection,95680,40.385981,-75.912856,WGS84,5.0,110.0,2.0,,,3139 Kutztown Rd,Pennsylvania,Berks,Not in a City,39740,"Reading, PA",428,"Philadelphia-Reading-Camden, PA-NJ-DE-MD",,
42,007,0007,14129,1,Lead (TSP) LC,2010-01-01,,,POINT,MIDDLE SCALE,100 M TO 500 M,SOURCE ORIENTED,192,Hi-Vol - Inductively Coupled Plasma-Mass Spectrometry Acid filter extract with hot nitric acid,2011-01-03,Y,,SLAMS,,0851,Pennsylvania Department Of Environmental Protection,95660,40.673656,-80.317731,WGS84,6.2,340.0,2.0,,,760 Beaver Valley Mall,Pennsylvania,Beaver,Not in a City,38300,"Pittsburgh, PA",430,"Pittsburgh-New Castle-Weirton, PA-OH-WV",,
42,007,0006,14129,1,Lead (TSP) LC,2010-01-01,,,POINT,MIDDLE SCALE,100 M TO 500 M,SOURCE ORIENTED,192,Hi-Vol - Inductively Coupled Plasma-Mass Spectrometry Acid filter extract with hot nitric acid,2011-01-09,Y,,SLAMS,,0851,Pennsylvania Department Of Environmental Protection,95666,40.638936,-80.365653,WGS84,7.6,340.0,2.0,,,206 Mowey Rd,Pennsylvania,Beaver,Not in a City,38300,"Pittsburgh, PA",430,"Pittsburgh-New Castle-Weirton, PA-OH-WV",,
45,041,8001,14129,2,Lead (TSP) LC,2012-06-02,,,AREA,MIDDLE SCALE,100 M TO 500 M,SOURCE ORIENTED,193,Hi-Vol - ICP-MS,2015-09-01,,,SPM,,0971,South Carolina Department Health And Environmental Control,96721,34.15567,-79.56983,WGS84,10.0,27.0,,,JCI Railroad,Liberty Chapel @ Bethel Roads [JCI Railroad],South Carolina,Florence,Not in a City,22500,"Florence, SC",,,,
45,041,8003,14129,2,Lead (TSP) LC,2012-06-02,,,AREA,MIDDLE SCALE,100 M TO 500 M,SOURCE ORIENTED,193,Hi-Vol - ICP-MS,2015-09-01,,,SPM,,0971,South Carolina Department Health And Environmental Control,96724,34.1675,-79.56266,WGS84,10.0,26.0,,,JCI River (Woods),Liberty Chapel at Paper Mill Roads [JCI River/Woods],South Carolina,Florence,Not in a City,22500,"Florence, SC",,,,
45,041,8003,14129,1,Lead (TSP) LC,2012-01-10,,,AREA,MIDDLE SCALE,100 M TO 500 M,SOURCE ORIENTED,193,Hi-Vol - ICP-MS,2015-09-01,Y,,SPM,,0971,South Carolina Department Health And Environmental Control,96724,34.1675,-79.56266,WGS84,10.0,26.0,,,JCI River (Woods),Liberty Chapel at Paper Mill Roads [JCI River/Woods],South Carolina,Florence,Not in a City,22500,"Florence, SC",,,,
45,079,0007,14129,2,Lead (TSP) LC,2011-01-01,2019-01-02,,,,,POPULATION EXPOSURE,044,"Hi-Vol - Flameless Atomic absorption (GFAA) EPA; 3 extraction options: (a) 2.6M HNO3 sonicate 30 min no heat, (b) 2.6M HNO3/.9MHC",2011-01-01,,,,,0971,South Carolina Department Health And Environmental Control,14306,34.093959,-80.962304,WGS84,1.0,107.0,,,PARKLANE,8311 PARKLANE ROAD [Parklane],South Carolina,Richland,Dentsville (Dents),17900,"Columbia, SC",192,"Columbia-Orangeburg-Newberry, SC",,
45,041,8002,14129,2,Lead (TSP) LC,2012-06-02,,,AREA,MIDDLE SCALE,100 M TO 500 M,SOURCE ORIENTED,193,Hi-Vol - ICP-MS,2015-09-01,,,SPM,,0971,South Carolina Department Health And Environmental Control,96723,34.16416,-79.57233,WGS84,10.0,31.0,,,JCI Entrance,Liberty Chapel at Paper Mill Roads [JCI Entrance],South Carolina,Florence,Not in a City,22500,"Florence, SC",,,,
45,041,8001,14129,1,Lead (TSP) LC,2012-01-10,,,AREA,MIDDLE SCALE,100 M TO 500 M,SOURCE ORIENTED,193,Hi-Vol - ICP-MS,2015-09-01,Y,,SPM,,0971,South Carolina Department Health And Environmental Control,96721,34.15567,-79.56983,WGS84,10.0,27.0,,,JCI Railroad,Liberty Chapel @ Bethel Roads [JCI Railroad],South Carolina,Florence,Not in a City,22500,"Florence, SC",,,,
45,041,8002,14129,1,Lead (TSP) LC,2012-01-10,,,AREA,MIDDLE SCALE,100 M TO 500 M,SOURCE ORIENTED,193,Hi-Vol - ICP-MS,2015-09-01,Y,Y,SPM,,0971,South Carolina Department Health And Environmental Control,96723,34.16416,-79.57233,WGS84,10.0,31.0,,,JCI Entrance,Liberty Chapel at Paper Mill Roads [JCI Entrance],South Carolina,Florence,Not in a City,22500,"Florence, SC",,,,
45,041,8002,14129,3,Lead (TSP) LC,2014-05-11,,,AREA,MIDDLE SCALE,100 M TO 500 M,SOURCE ORIENTED,193,Hi-Vol - ICP-MS,2015-09-01,,,SPM,,0971,South Carolina Department Health And Environmental Control,96723,34.16416,-79.57233,WGS84,10.0,31.0,,,JCI Entrance,Liberty Chapel at Paper Mill Roads [JCI Entrance],South Carolina,Florence,Not in a City,22500,"Florence, SC",,,,
47,093,0027,14129,1,Lead (TSP) LC,2009-01-01,,,POINT,NEIGHBORHOOD,500 M TO 4KM,SOURCE ORIENTED,193,Hi-Vol - ICP-MS,2013-11-01,Y,Y,SLAMS,,0581,Knox County Department Of Air Pollution Control,14718,35.983056,-83.952253,WGS84,30.36,286.0,2.0,GROUND LEVEL SUPPORT,Burnside, 2522 BURNSIDE ST KNOXVILLE TN 37921,Tennessee,Knox,Knoxville,28940,"Knoxville, TN",314,"Knoxville-Morristown-Sevierville, TN",,
47,163,3004,14129,1,Lead (TSP) LC,2010-01-01,,,POINT,URBAN SCALE,4 KM TO 50 KM,SOURCE ORIENTED,193,Hi-Vol - ICP-MS,2016-01-01,Y,Y,SLAMS,,1025,Tennessee Division Of Air Pollution Control,95577,36.524433,-82.27261,NAD83,30.0,468.0,2.1,GROUND LEVEL SUPPORT,,364 Exide Dr Bristol TN  37620,Tennessee,Sullivan,Bristol,28700,"Kingsport-Bristol-Bristol, TN-VA",304,"Johnson City-Kingsport-Bristol, TN-VA",,
47,093,0023,14129,1,Lead (TSP) LC,2011-01-01,,,POINT,MICROSCALE,0 M TO 100 M,SOURCE ORIENTED,193,Hi-Vol - ICP-MS,2013-11-01,Y,,SLAMS,,0581,Knox County Department Of Air Pollution Control,96212,35.98104,-83.954311,WGS84,1.0,281.0,2.69,GROUND LEVEL SUPPORT,Ameristeel,1526 New York Ave,Tennessee,Knox,Knoxville,28940,"Knoxville, TN",314,"Knoxville-Morristown-Sevierville, TN",,
47,163,3003,14129,1,Lead (TSP) LC,2009-01-01,,All (2013-09-10 - Present),,,,UPWIND BACKGROUND,107,Hi-Vol - Flameless Atomic absorption (GFAA); 3M HNO3 Boil 30 min,2009-01-01,Y,,INDUSTRIAL,,1025,Tennessee Division Of Air Pollution Control,15024,36.528056,-82.268333,WGS84,30.36,457.0,2.0,OTHER,SECONDARY PREDOMINANT DOWNWIND MONITOR,364 EXIDE DR.,Tennessee,Sullivan,Bristol,28700,"Kingsport-Bristol-Bristol, TN-VA",304,"Johnson City-Kingsport-Bristol, TN-VA",,
47,163,3001,14129,1,Lead (TSP) LC,2009-01-01,,All (2013-09-10 - Present),,,,SOURCE ORIENTED,107,Hi-Vol - Flameless Atomic absorption (GFAA); 3M HNO3 Boil 30 min,2009-01-01,Y,,INDUSTRIAL,,1025,Tennessee Division Of Air Pollution Control,15022,36.525556,-82.273333,WGS84,30.36,468.0,2.0,OTHER,UPWIND MONITOR FROM DOMINANT WIND DIRECTION,364 EXIDE DR.,Tennessee,Sullivan,Bristol,28700,"Kingsport-Bristol-Bristol, TN-VA",304,"Johnson City-Kingsport-Bristol, TN-VA",,
47,163,3002,14129,2,Lead (TSP) LC,2009-01-01,,All (2013-09-10 - Present),,,,SOURCE ORIENTED,107,Hi-Vol - Flameless Atomic absorption (GFAA); 3M HNO3 Boil 30 min,2009-01-01,,,INDUSTRIAL,,1025,Tennessee Division Of Air Pollution Control,15023,36.524722,-82.268056,WGS84,30.36,451.0,2.0,OTHER,Blountville ozone monitoring site,364 EXIDE DR. ON EXIDE PROPERTY,Tennessee,Sullivan,Bristol,28700,"Kingsport-Bristol-Bristol, TN-VA",304,"Johnson City-Kingsport-Bristol, TN-VA",,
47,163,3002,14129,1,Lead (TSP) LC,2009-01-01,,All (2013-09-10 - Present),,,,SOURCE ORIENTED,107,Hi-Vol - Flameless Atomic absorption (GFAA); 3M HNO3 Boil 30 min,2009-01-01,Y,Y,INDUSTRIAL,,1025,Tennessee Division Of Air Pollution Control,15023,36.524722,-82.268056,WGS84,30.36,451.0,2.0,OTHER,Blountville ozone monitoring site,364 EXIDE DR. ON EXIDE PROPERTY,Tennessee,Sullivan,Bristol,28700,"Kingsport-Bristol-Bristol, TN-VA",304,"Johnson City-Kingsport-Bristol, TN-VA",,
47,163,3004,14129,2,Lead (TSP) LC,2010-01-01,,,POINT,URBAN SCALE,4 KM TO 50 KM,SOURCE ORIENTED,193,Hi-Vol - ICP-MS,2016-01-01,,,SLAMS,,1025,Tennessee Division Of Air Pollution Control,95577,36.524433,-82.27261,NAD83,30.0,468.0,2.0,GROUND LEVEL SUPPORT,,364 Exide Dr Bristol TN  37620,Tennessee,Sullivan,Bristol,28700,"Kingsport-Bristol-Bristol, TN-VA",304,"Johnson City-Kingsport-Bristol, TN-VA",,
47,093,0027,14129,2,Lead (TSP) LC,2009-01-01,,,POINT,NEIGHBORHOOD,500 M TO 4KM,SOURCE ORIENTED,193,Hi-Vol - ICP-MS,2013-11-01,,,SLAMS,,0581,Knox County Department Of Air Pollution Control,14718,35.983056,-83.952253,WGS84,30.36,286.0,2.0,GROUND LEVEL SUPPORT,Burnside, 2522 BURNSIDE ST KNOXVILLE TN 37921,Tennessee,Knox,Knoxville,28940,"Knoxville, TN",314,"Knoxville-Morristown-Sevierville, TN",,
48,085,0009,14129,2,Lead (TSP) LC,2011-11-17,,,,NEIGHBORHOOD,500 M TO 4KM,POPULATION EXPOSURE; SOURCE ORIENTED,192,Hi-Vol - Inductively Coupled Plasma-Mass Spectrometry Acid filter extract with hot nitric acid,2011-11-17,,,SLAMS,,1035,Texas Commission On Environmental Quality,15185,33.144662,-96.828809,WGS84,0.1,198.0,,,Frisco Eubanks,6601 Eubanks,Texas,Collin,Frisco,19100,"Dallas-Fort Worth-Arlington, TX",206,"Dallas-Fort Worth, TX-OK",,
48,141,0037,14129,1,Lead (TSP) LC,2012-04-25,2020-10-31,,,NEIGHBORHOOD,500 M TO 4KM,POPULATION EXPOSURE,192,Hi-Vol - Inductively Coupled Plasma-Mass Spectrometry Acid filter extract with hot nitric acid,2018-09-01,,,,,1035,Texas Commission On Environmental Quality,15318,31.768286,-106.501243,NAD83,5.0,1158.0,,,El Paso UTEP,250 Rim Rd,Texas,El Paso,El Paso,21340,"El Paso, TX",238,"El Paso-Las Cruces, TX-NM",,
48,257,0020,14129,2,Lead (TSP) LC,2017-04-13,,,,NEIGHBORHOOD,500 M TO 4KM,POPULATION EXPOSURE; SOURCE ORIENTED,192,Hi-Vol - Inductively Coupled Plasma-Mass Spectrometry Acid filter extract with hot nitric acid,2017-04-13,,,SLAMS,,1035,Texas Commission On Environmental Quality,96050,32.731919,-96.317911,WGS84,1.0,150.0,,,Terrell Temtex,2988 Temtex Blvd,Texas,Kaufman,Terrell,19100,"Dallas-Fort Worth-Arlington, TX",206,"Dallas-Fort Worth, TX-OK",,
48,085,0029,14129,1,Lead (TSP) LC,2011-01-07,,,,NEIGHBORHOOD,500 M TO 4KM,POPULATION EXPOSURE; SOURCE ORIENTED,192,Hi-Vol - Inductively Coupled Plasma-Mass Spectrometry Acid filter extract with hot nitric acid,2011-01-07,Y,,SPM,,1035,Texas Commission On Environmental Quality,96037,33.136025,-96.824473,WGS84,0.1,212.0,,,Frisco Stonebrook,7202 Stonebrook Parkway,Texas,Collin,Frisco,19100,"Dallas-Fort Worth-Arlington, TX",206,"Dallas-Fort Worth, TX-OK",,
48,257,0020,14129,1,Lead (TSP) LC,2011-01-01,,,,NEIGHBORHOOD,500 M TO 4KM,POPULATION EXPOSURE; SOURCE ORIENTED,192,Hi-Vol - Inductively Coupled Plasma-Mass Spectrometry Acid filter extract with hot nitric acid,2011-01-01,Y,,SLAMS,,1035,Texas Commission On Environmental Quality,96050,32.731919,-96.317911,WGS84,1.0,150.0,,,Terrell Temtex,2988 Temtex Blvd,Texas,Kaufman,Terrell,19100,"Dallas-Fort Worth-Arlington, TX",206,"Dallas-Fort Worth, TX-OK",,
48,141,1021,14129,1,Lead (TSP) LC,2013-04-15,2020-10-31,,,NEIGHBORHOOD,500 M TO 4KM,POPULATION EXPOSURE,192,Hi-Vol - Inductively Coupled Plasma-Mass Spectrometry Acid filter extract with hot nitric acid,2018-09-01,,,,,1035,Texas Commission On Environmental Quality,97364,31.86247,-106.5473,WGS84,0.5,1253.0,,,Ojo De Agua,6767 Ojo De Agua,Texas,El Paso,El Paso,21340,"El Paso, TX",238,"El Paso-Las Cruces, TX-NM",,
48,085,0009,14129,1,Lead (TSP) LC,2009-01-01,,All (2009-01-01 - 2010-07-16),,NEIGHBORHOOD,500 M TO 4KM,POPULATION EXPOSURE; SOURCE ORIENTED,192,Hi-Vol - Inductively Coupled Plasma-Mass Spectrometry Acid filter extract with hot nitric acid,2010-01-02,Y,Y,SLAMS,,1035,Texas Commission On Environmental Quality,15185,33.144662,-96.828809,WGS84,0.1,198.0,,,Frisco Eubanks,6601 Eubanks,Texas,Collin,Frisco,19100,"Dallas-Fort Worth-Arlington, TX",206,"Dallas-Fort Worth, TX-OK",,
51,770,0016,14129,1,Lead (TSP) LC,2014-12-11,2020-09-15,,POINT,MIDDLE SCALE,100 M TO 500 M,SOURCE ORIENTED,192,Hi-Vol - Inductively Coupled Plasma-Mass Spectrometry Acid filter extract with hot nitric acid,2014-12-11,,,,,1127,Virginia Department of Environmental Quality,97820,37.27494,-79.98567,WGS84,10.0,296.0,2.0,GROUND LEVEL SUPPORT,Roanoke - Mario Industries,"2213 Patterson Ave, Roanoke, VA - platform location",Virginia,Roanoke City,Roanoke,40220,"Roanoke, VA",,,,
51,121,0009,14129,1,Lead (TSP) LC,2017-10-03,,,POINT,MIDDLE SCALE,100 M TO 500 M,HIGHEST CONCENTRATION; SOURCE ORIENTED,192,Hi-Vol - Inductively Coupled Plasma-Mass Spectrometry Acid filter extract with hot nitric acid,2017-10-03,Y,Y,SLAMS,,1127,Virginia Department of Environmental Quality,104132,37.18494,-80.51606,NAD83,10.0,538.0,2.0,GROUND LEVEL SUPPORT,Radford Army Ammunitions Plant,"5277 Prices Fork Road, Blacksburg, VA  24060",Virginia,Montgomery,Not in a City,13980,"Blacksburg-Christiansburg-Radford, VA",,,,
51,121,0009,14129,2,Lead (TSP) LC,2017-10-03,,,POINT,MIDDLE SCALE,100 M TO 500 M,HIGHEST CONCENTRATION; QUALITY ASSURANCE; SOURCE ORIENTED,192,Hi-Vol - Inductively Coupled Plasma-Mass Spectrometry Acid filter extract with hot nitric acid,2017-10-03,,,SLAMS,,1127,Virginia Department of Environmental Quality,104132,37.18494,-80.51606,NAD83,10.0,538.0,2.0,GROUND LEVEL SUPPORT,Radford Army Ammunitions Plant,"5277 Prices Fork Road, Blacksburg, VA  24060",Virginia,Montgomery,Not in a City,13980,"Blacksburg-Christiansburg-Radford, VA",,,,
72,013,0001,14129,1,Lead (TSP) LC,2010-01-02,2020-02-28,,AREA,MICROSCALE,0 M TO 100 M,SOURCE ORIENTED,193,Hi-Vol - ICP-MS,2016-07-01,Y,Y,SLAMS,,0889,Puerto Rico Environmental Quality Board,95957,18.457039,-66.696693,WGS84,0.01,80.0,4.5,TOP OF BUILDING,,Victor Santoni Cordero,Puerto Rico,Arecibo,Not in a City,11640,"Arecibo, PR",490,"San Juan-Carolina, PR",,
72,013,0002,14129,1,Lead (TSP) LC,2012-08-19,2020-02-28,,AREA,MICROSCALE,0 M TO 100 M,SOURCE ORIENTED,193,Hi-Vol - ICP-MS,2016-07-01,Y,Y,SLAMS,,0889,Puerto Rico Environmental Quality Board,97226,18.453389,-66.694987,WGS84,0.01,60.0,4.5,GROUND LEVEL SUPPORT,,Road #2,Puerto Rico,Arecibo,Not in a City,11640,"Arecibo, PR",490,"San Juan-Carolina, PR",,
72,013,0002,14129,2,Lead (TSP) LC,2014-10-02,2020-02-28,,AREA,MICROSCALE,0 M TO 100 M,QUALITY ASSURANCE,193,Hi-Vol - ICP-MS,2016-07-01,,,SLAMS,,0889,Puerto Rico Environmental Quality Board,97226,18.453389,-66.694987,WGS84,0.01,60.0,4.5,TOP OF BUILDING,,Road #2,Puerto Rico,Arecibo,Not in a City,11640,"Arecibo, PR",490,"San Juan-Carolina, PR",,
